Día,Edad,Físico (F),Técnico (T),Mental (M),Rating (R)
0.0,20.0,0.65,0.55,0.45,73.6
1.0,20.002739726027396,0.69054914775648,0.6557622391991179,0.5293710281474977,73.67610110608564
2.0,20.005479452054793,0.7311294014579381,0.7633498898872639,0.6127175235524135,73.75449169768616
3.0,20.00821917808219,0.771740772772957,0.8727643520945418,0.7000896312422381,73.83462764762706
4.0,20.010958904109586,0.8123832733603741,0.9840070263759222,0.7915375343672822,73.91541120042137
5.0,20.013698630136982,0.8530569148692633,1.0,0.8871114542145783,73.99726457435132
6.0,20.01643835616438,0.8937617089389176,1.0,0.9842405087488786,74.08129064232234
7.0,20.019178082191775,0.9344976671988307,1.0,1.0,74.16687686537644
8.0,20.02191780821917,0.9752648012686791,1.0,1.0,74.25368700784003
9.0,20.02465753424657,1.0,1.0,1.0,74.34222711389106
10.0,20.027397260273965,1.0,1.0,1.0,74.4304465743838
11.0,20.03013698630136,1.0,1.0,1.0,74.51967715143829
12.0,20.032876712328758,1.0,1.0,1.0,74.6087994490708
13.0,20.035616438356154,1.0,1.0,1.0,74.69828478662625
14.0,20.03835616438355,1.0,1.0,1.0,74.78719803806308
15.0,20.041095890410947,1.0,1.0,1.0,74.87538577309694
16.0,20.043835616438344,1.0,1.0,1.0,74.96355185800898
17.0,20.04657534246574,1.0,1.0,1.0,75.05328538428212
18.0,20.049315068493136,1.0,1.0,1.0,75.14180817557428
19.0,20.052054794520533,1.0,1.0,1.0,75.23025462804407
20.0,20.05479452054793,1.0,1.0,1.0,75.3180006665362
21.0,20.057534246575326,1.0,1.0,1.0,75.40542892758535
22.0,20.060273972602722,1.0,1.0,1.0,75.49235313397612
23.0,20.06301369863012,1.0,1.0,1.0,75.58066076741532
24.0,20.065753424657515,1.0,1.0,1.0,75.66784371751712
25.0,20.068493150684912,1.0,1.0,1.0,75.7561836614184
26.0,20.07123287671231,1.0,1.0,1.0,75.84375119048342
27.0,20.073972602739705,1.0,1.0,1.0,75.93130168082466
28.0,20.0767123287671,1.0,1.0,1.0,76.01924767277063
29.0,20.079452054794498,1.0,1.0,1.0,76.10812924186732
30.0,20.082191780821894,1.0,1.0,1.0,76.19614164129788
31.0,20.08493150684929,1.0,1.0,1.0,76.28512125121021
32.0,20.087671232876687,1.0,1.0,1.0,76.37255348691231
33.0,20.090410958904084,1.0,1.0,1.0,76.46138359988998
34.0,20.09315068493148,1.0,1.0,1.0,76.54903207344542
35.0,20.095890410958877,1.0,1.0,1.0,76.63700523891683
36.0,20.098630136986273,1.0,1.0,1.0,76.72436604191469
37.0,20.10136986301367,1.0,1.0,1.0,76.81309837675497
38.0,20.104109589041066,1.0,1.0,1.0,76.90258785962689
39.0,20.106849315068462,1.0,1.0,1.0,76.99152322132612
40.0,20.10958904109586,1.0,1.0,1.0,77.07963858670885
41.0,20.112328767123255,1.0,1.0,1.0,77.16816365958496
42.0,20.115068493150652,1.0,1.0,1.0,77.25669218481642
43.0,20.11780821917805,1.0,1.0,1.0,77.34564846355957
44.0,20.120547945205445,1.0,1.0,1.0,77.43421684266025
45.0,20.12328767123284,1.0,1.0,1.0,77.52309442346872
46.0,20.126027397260238,1.0,1.0,1.0,77.61195963236081
47.0,20.128767123287634,1.0,1.0,1.0,77.69969066259326
48.0,20.13150684931503,1.0,1.0,1.0,77.7887240488173
49.0,20.134246575342427,1.0,1.0,1.0,77.87854987219215
50.0,20.136986301369824,1.0,1.0,1.0,77.96750918050716
51.0,20.13972602739722,1.0,1.0,1.0,78.05594013975251
52.0,20.142465753424617,1.0,1.0,1.0,78.14553291564275
53.0,20.145205479452013,1.0,1.0,1.0,78.23375772421036
54.0,20.14794520547941,1.0,1.0,1.0,78.3228148118623
55.0,20.150684931506806,1.0,1.0,1.0,78.41102066533746
56.0,20.153424657534202,1.0,1.0,1.0,78.49900525169379
57.0,20.1561643835616,1.0,1.0,1.0,78.58733804843513
58.0,20.158904109588995,1.0,1.0,1.0,78.67542596892982
59.0,20.161643835616392,1.0,1.0,1.0,78.76386701207065
60.0,20.16438356164379,1.0,1.0,1.0,78.85240342400361
61.0,20.167123287671185,1.0,1.0,1.0,78.94000716544623
62.0,20.16986301369858,1.0,1.0,1.0,79.02911331482524
63.0,20.172602739725978,1.0,1.0,1.0,79.11771124019974
64.0,20.175342465753374,1.0,1.0,1.0,79.20730354931648
65.0,20.17808219178077,1.0,1.0,1.0,79.29613000047325
66.0,20.180821917808167,1.0,1.0,1.0,79.38522764234266
67.0,20.183561643835564,1.0,1.0,1.0,79.47477966510078
68.0,20.18630136986296,1.0,1.0,1.0,79.56381652811521
69.0,20.189041095890357,1.0,1.0,1.0,79.65301115747809
70.0,20.191780821917753,1.0,1.0,1.0,79.74159836171978
71.0,20.19452054794515,1.0,1.0,1.0,79.82945937060829
72.0,20.197260273972546,1.0,1.0,1.0,79.91804121611064
73.0,20.199999999999942,1.0,1.0,1.0,80.00721544384811
74.0,20.20273972602734,1.0,1.0,1.0,80.09678969262959
75.0,20.205479452054735,1.0,1.0,1.0,80.1851841160817
76.0,20.208219178082132,1.0,1.0,1.0,80.27338327821288
77.0,20.21095890410953,1.0,1.0,1.0,80.36249664075646
78.0,20.213698630136925,1.0,1.0,1.0,80.4517120882531
79.0,20.21643835616432,1.0,1.0,1.0,80.54140707919645
80.0,20.219178082191718,1.0,1.0,1.0,80.63041462030577
81.0,20.221917808219114,1.0,1.0,1.0,80.71968317902524
82.0,20.22465753424651,1.0,1.0,1.0,80.80886277366554
83.0,20.227397260273907,1.0,1.0,1.0,80.89821094767456
84.0,20.230136986301304,1.0,1.0,1.0,80.9883404464365
85.0,20.2328767123287,1.0,1.0,1.0,81.0775406497873
86.0,20.235616438356097,1.0,1.0,1.0,81.1658013222677
87.0,20.238356164383493,1.0,1.0,1.0,81.25684812921692
88.0,20.24109589041089,1.0,1.0,1.0,81.3465321306587
89.0,20.243835616438286,1.0,1.0,1.0,81.43558815585207
90.0,20.246575342465682,1.0,1.0,1.0,81.52543201584812
91.0,20.24931506849308,1.0,1.0,1.0,81.61439040379352
92.0,20.252054794520475,1.0,1.0,1.0,81.70378631800891
93.0,20.254794520547872,1.0,1.0,1.0,81.79181403739996
94.0,20.25753424657527,1.0,1.0,1.0,81.88173379109108
95.0,20.260273972602665,1.0,1.0,1.0,81.9704094609234
96.0,20.26301369863006,1.0,1.0,1.0,82.05955802866622
97.0,20.265753424657458,1.0,1.0,1.0,82.14827130389044
98.0,20.268493150684854,1.0,1.0,1.0,82.23782251014467
99.0,20.27123287671225,1.0,1.0,1.0,82.32736473912918
100.0,20.273972602739647,1.0,1.0,1.0,82.41736360095493
101.0,20.276712328767044,1.0,1.0,1.0,82.5076440533211
102.0,20.27945205479444,1.0,1.0,1.0,82.59847028435007
103.0,20.282191780821837,1.0,1.0,1.0,82.6880579140715
104.0,20.284931506849233,1.0,1.0,1.0,82.77713893262012
105.0,20.28767123287663,1.0,1.0,1.0,82.86622576327383
106.0,20.290410958904026,1.0,1.0,1.0,82.95535864540363
107.0,20.293150684931422,1.0,1.0,1.0,83.04521925031649
108.0,20.29589041095882,1.0,1.0,1.0,83.13332984707496
109.0,20.298630136986215,1.0,1.0,1.0,83.22271531099517
110.0,20.301369863013612,1.0,1.0,1.0,83.31264964300276
111.0,20.30410958904101,1.0,1.0,1.0,83.40335211855435
112.0,20.306849315068405,1.0,1.0,1.0,83.49282025341402
113.0,20.3095890410958,1.0,1.0,1.0,83.5821315689244
114.0,20.312328767123198,1.0,1.0,1.0,83.67117679478653
115.0,20.315068493150594,1.0,1.0,1.0,83.76024536682259
116.0,20.31780821917799,1.0,1.0,1.0,83.84936677331291
117.0,20.320547945205387,1.0,1.0,1.0,83.9383938301358
118.0,20.323287671232784,1.0,1.0,1.0,84.02889818706201
119.0,20.32602739726018,1.0,1.0,1.0,84.11775910279545
120.0,20.328767123287577,1.0,1.0,1.0,84.20766582896007
121.0,20.331506849314973,1.0,1.0,1.0,84.29750563742184
122.0,20.33424657534237,1.0,1.0,1.0,84.38725838686209
123.0,20.336986301369766,1.0,1.0,1.0,84.47593331341233
124.0,20.339726027397163,1.0,1.0,1.0,84.56602457396943
125.0,20.34246575342456,1.0,1.0,1.0,84.65605509843182
126.0,20.345205479451955,1.0,1.0,1.0,84.74659638451274
127.0,20.347945205479352,1.0,1.0,1.0,84.83501042046991
128.0,20.35068493150675,1.0,1.0,1.0,84.92450311377912
129.0,20.353424657534145,1.0,1.0,1.0,85.01366934441631
130.0,20.35616438356154,1.0,1.0,1.0,85.10332320447539
131.0,20.358904109588938,1.0,1.0,1.0,85.19177214265723
132.0,20.361643835616334,1.0,1.0,1.0,85.28306766492109
133.0,20.36438356164373,1.0,1.0,1.0,85.37287843276704
134.0,20.367123287671127,1.0,1.0,1.0,85.46329053427822
135.0,20.369863013698524,1.0,1.0,1.0,85.55401472996999
136.0,20.37260273972592,1.0,1.0,1.0,85.64366684502917
137.0,20.375342465753317,1.0,1.0,1.0,85.73407462776224
138.0,20.378082191780713,1.0,1.0,1.0,85.82395330125874
139.0,20.38082191780811,1.0,1.0,1.0,85.9128581231985
140.0,20.383561643835506,1.0,1.0,1.0,86.00355411323974
141.0,20.386301369862903,1.0,1.0,1.0,86.09308939108573
142.0,20.3890410958903,1.0,1.0,1.0,86.18303736682104
143.0,20.391780821917695,1.0,1.0,1.0,86.27242483426161
144.0,20.394520547945092,1.0,1.0,1.0,86.36224098308185
145.0,20.39726027397249,1.0,1.0,1.0,86.45224899154712
146.0,20.399999999999885,1.0,1.0,1.0,86.54256553905464
147.0,20.40273972602728,1.0,1.0,1.0,86.63207048772803
148.0,20.405479452054678,1.0,1.0,1.0,86.721389169088
149.0,20.408219178082074,1.0,1.0,1.0,86.81263411413867
150.0,20.41095890410947,1.0,1.0,1.0,86.903823280624
151.0,20.413698630136867,1.0,1.0,1.0,86.99322882067247
152.0,20.416438356164264,1.0,1.0,1.0,87.0838321384303
153.0,20.41917808219166,1.0,1.0,1.0,87.17408347915983
154.0,20.421917808219057,1.0,1.0,1.0,87.26469842533521
155.0,20.424657534246453,1.0,1.0,1.0,87.35544865167816
156.0,20.42739726027385,1.0,1.0,1.0,87.44418744272326
157.0,20.430136986301246,1.0,1.0,1.0,87.53419101632745
158.0,20.432876712328643,1.0,1.0,1.0,87.62462794837757
159.0,20.43561643835604,1.0,1.0,1.0,87.71475325060196
160.0,20.438356164383435,1.0,1.0,1.0,87.80419731056945
161.0,20.441095890410832,1.0,1.0,1.0,87.89305997625102
162.0,20.44383561643823,1.0,1.0,1.0,87.98212375500137
163.0,20.446575342465625,1.0,1.0,1.0,88.07208394162261
164.0,20.44931506849302,1.0,1.0,1.0,88.16250656600548
165.0,20.452054794520418,1.0,1.0,1.0,88.25140796436008
166.0,20.454794520547814,1.0,1.0,1.0,88.34033045082356
167.0,20.45753424657521,1.0,1.0,1.0,88.42975461859263
168.0,20.460273972602607,1.0,1.0,1.0,88.51832510611484
169.0,20.463013698630004,1.0,1.0,1.0,88.60862977830845
170.0,20.4657534246574,1.0,1.0,1.0,88.69837360261744
171.0,20.468493150684797,1.0,1.0,1.0,88.78908669404277
172.0,20.471232876712193,1.0,1.0,1.0,88.8798055134562
173.0,20.47397260273959,1.0,1.0,1.0,88.9711932866198
174.0,20.476712328766986,1.0,1.0,1.0,89.062348805101
175.0,20.479452054794383,1.0,1.0,1.0,89.15254913151732
176.0,20.48219178082178,1.0,1.0,1.0,89.24269220336194
177.0,20.484931506849176,1.0,1.0,1.0,89.33334083229177
178.0,20.487671232876572,1.0,1.0,1.0,89.4232537778024
179.0,20.49041095890397,1.0,1.0,1.0,89.51374470944691
180.0,20.493150684931365,1.0,1.0,1.0,89.60292853343309
181.0,20.49589041095876,1.0,1.0,1.0,89.69335830530892
182.0,20.498630136986158,1.0,1.0,1.0,89.78198365098004
183.0,20.501369863013554,1.0,1.0,1.0,89.87252235001847
184.0,20.50410958904095,1.0,1.0,1.0,89.96343451169555
185.0,20.506849315068347,1.0,1.0,1.0,90.05361684807274
186.0,20.509589041095744,1.0,1.0,1.0,90.14382075940186
187.0,20.51232876712314,1.0,1.0,1.0,90.2337681449803
188.0,20.515068493150537,1.0,1.0,1.0,90.32387522188854
189.0,20.517808219177933,1.0,1.0,1.0,90.41479954339891
190.0,20.52054794520533,1.0,1.0,1.0,90.50567218621401
191.0,20.523287671232726,1.0,1.0,1.0,90.59560686368364
192.0,20.526027397260123,1.0,1.0,1.0,90.68560934143753
193.0,20.52876712328752,1.0,1.0,1.0,90.77597371636146
194.0,20.531506849314916,1.0,1.0,1.0,90.86730233273992
195.0,20.534246575342312,1.0,1.0,1.0,90.95712139160207
196.0,20.53698630136971,1.0,1.0,1.0,91.04636477958188
197.0,20.539726027397105,1.0,1.0,1.0,91.13582830716096
198.0,20.5424657534245,1.0,1.0,1.0,91.22625813903714
199.0,20.545205479451898,1.0,1.0,1.0,91.31697584459721
200.0,20.547945205479294,1.0,1.0,1.0,91.4064019162001
201.0,20.55068493150669,1.0,1.0,1.0,91.49626817440347
202.0,20.553424657534087,1.0,1.0,1.0,91.58538333578824
203.0,20.556164383561484,1.0,1.0,1.0,91.67521319951415
204.0,20.55890410958888,1.0,1.0,1.0,91.76586398513963
205.0,20.561643835616277,1.0,1.0,1.0,91.85545569871503
206.0,20.564383561643673,1.0,1.0,1.0,91.94547491417532
207.0,20.56712328767107,1.0,1.0,1.0,92.03632736407796
208.0,20.569863013698466,1.0,1.0,1.0,92.12666832230533
209.0,20.572602739725863,1.0,1.0,1.0,92.2175557951784
210.0,20.57534246575326,1.0,1.0,1.0,92.30821532190413
211.0,20.578082191780656,1.0,1.0,1.0,92.39842050271292
212.0,20.580821917808052,1.0,1.0,1.0,92.48897447527861
213.0,20.58356164383545,1.0,1.0,1.0,92.5790646313024
214.0,20.586301369862845,1.0,1.0,1.0,92.6700605856843
215.0,20.58904109589024,1.0,1.0,1.0,92.76047615894494
216.0,20.591780821917638,1.0,1.0,1.0,92.85125670274755
217.0,20.594520547945034,1.0,1.0,1.0,92.94152810421855
218.0,20.59726027397243,1.0,1.0,1.0,93.03324475080917
219.0,20.599999999999827,1.0,1.0,1.0,93.12390950535517
220.0,20.602739726027224,1.0,1.0,1.0,93.21633178313104
221.0,20.60547945205462,1.0,1.0,1.0,93.30710219703577
222.0,20.608219178082017,1.0,1.0,1.0,93.39778555849591
223.0,20.610958904109413,1.0,1.0,1.0,93.4883216857523
224.0,20.61369863013681,1.0,1.0,1.0,93.57862889035597
225.0,20.616438356164206,1.0,1.0,1.0,93.66852356503779
226.0,20.619178082191603,1.0,1.0,1.0,93.7593172539739
227.0,20.621917808219,1.0,1.0,1.0,93.85104977544621
228.0,20.624657534246396,1.0,1.0,1.0,93.94046698129485
229.0,20.627397260273792,1.0,1.0,1.0,94.02990366656499
230.0,20.63013698630119,1.0,1.0,1.0,94.12024686408928
231.0,20.632876712328585,1.0,1.0,1.0,94.21060876290012
232.0,20.63561643835598,1.0,1.0,1.0,94.30317312062371
233.0,20.638356164383378,1.0,1.0,1.0,94.39460385743209
234.0,20.641095890410774,1.0,1.0,1.0,94.48548118178867
235.0,20.64383561643817,1.0,1.0,1.0,94.57665787674023
236.0,20.646575342465567,1.0,1.0,1.0,94.66759610476657
237.0,20.649315068492964,1.0,1.0,1.0,94.75820546869892
238.0,20.65205479452036,1.0,1.0,1.0,94.84879749721382
239.0,20.654794520547757,1.0,1.0,1.0,94.93977532709208
240.0,20.657534246575153,1.0,1.0,1.0,95.03057682083019
241.0,20.66027397260255,1.0,1.0,1.0,95.12107740273613
242.0,20.663013698629946,1.0,1.0,1.0,95.21288348820141
243.0,20.665753424657343,1.0,1.0,1.0,95.30415261289198
244.0,20.66849315068474,1.0,1.0,1.0,95.39490026283045
245.0,20.671232876712136,1.0,1.0,1.0,95.48516189860383
246.0,20.673972602739532,1.0,1.0,1.0,95.57697800546805
247.0,20.67671232876693,1.0,1.0,1.0,95.6669541647014
248.0,20.679452054794325,1.0,1.0,1.0,95.75834345553355
249.0,20.68219178082172,1.0,1.0,1.0,95.84925820363195
250.0,20.684931506849118,1.0,1.0,1.0,95.93892649011259
251.0,20.687671232876514,1.0,1.0,1.0,96.02977525774806
252.0,20.69041095890391,1.0,1.0,1.0,96.1216417744541
253.0,20.693150684931307,1.0,1.0,1.0,96.21201709103634
254.0,20.695890410958704,1.0,1.0,1.0,96.30289300067773
255.0,20.6986301369861,1.0,1.0,1.0,96.39343316352014
256.0,20.701369863013497,1.0,1.0,1.0,96.48428249175959
257.0,20.704109589040893,1.0,1.0,1.0,96.57552739328183
258.0,20.70684931506829,1.0,1.0,1.0,96.6665109467174
259.0,20.709589041095686,1.0,1.0,1.0,96.75704074130734
260.0,20.712328767123083,1.0,1.0,1.0,96.84865725336054
261.0,20.71506849315048,1.0,1.0,1.0,96.93867392205168
262.0,20.717808219177876,1.0,1.0,1.0,97.03005905557966
263.0,20.720547945205272,1.0,1.0,1.0,97.12150377006164
264.0,20.72328767123267,1.0,1.0,1.0,97.21226774347288
265.0,20.726027397260065,1.0,1.0,1.0,97.30385511858641
266.0,20.72876712328746,1.0,1.0,1.0,97.3950921749075
267.0,20.731506849314858,1.0,1.0,1.0,97.4868840169255
268.0,20.734246575342254,1.0,1.0,1.0,97.57755866978754
269.0,20.73698630136965,1.0,1.0,1.0,97.66878415069357
270.0,20.739726027397047,1.0,1.0,1.0,97.75928112011931
271.0,20.742465753424444,1.0,1.0,1.0,97.85151983439013
272.0,20.74520547945184,1.0,1.0,1.0,97.94241071127719
273.0,20.747945205479237,1.0,1.0,1.0,98.03482455107185
274.0,20.750684931506633,1.0,1.0,1.0,98.12624269358773
275.0,20.75342465753403,1.0,1.0,1.0,98.21891864661319
276.0,20.756164383561426,1.0,1.0,1.0,98.31117369124898
277.0,20.758904109588823,1.0,1.0,1.0,98.40160380713792
278.0,20.76164383561622,1.0,1.0,1.0,98.49346415286196
279.0,20.764383561643616,1.0,1.0,1.0,98.58446182960695
280.0,20.767123287671012,1.0,1.0,1.0,98.67648669741128
281.0,20.76986301369841,1.0,1.0,1.0,98.76822289519149
282.0,20.772602739725805,1.0,1.0,1.0,98.8605868189266
283.0,20.7753424657532,1.0,1.0,1.0,98.95195018891977
284.0,20.778082191780598,1.0,1.0,1.0,99.04328236086498
285.0,20.780821917807994,1.0,1.0,1.0,99.13460738395419
286.0,20.78356164383539,1.0,1.0,1.0,99.22541994130928
287.0,20.786301369862787,1.0,1.0,1.0,99.3171643061758
288.0,20.789041095890184,1.0,1.0,1.0,99.40781480683457
289.0,20.79178082191758,1.0,1.0,1.0,99.49969707081924
290.0,20.794520547944977,1.0,1.0,1.0,99.5913440901393
291.0,20.797260273972373,1.0,1.0,1.0,99.6841352753266
292.0,20.79999999999977,1.0,1.0,1.0,99.77679392998435
293.0,20.802739726027166,1.0,1.0,1.0,99.86837370322034
294.0,20.805479452054563,1.0,1.0,1.0,99.95948518776711
295.0,20.80821917808196,1.0,1.0,1.0,100.0
296.0,20.810958904109356,1.0,1.0,1.0,100.0
297.0,20.813698630136752,1.0,1.0,1.0,100.0
298.0,20.81643835616415,1.0,1.0,1.0,100.0
299.0,20.819178082191545,1.0,1.0,1.0,100.0
300.0,20.82191780821894,1.0,1.0,1.0,100.0
301.0,20.824657534246338,1.0,1.0,1.0,100.0
302.0,20.827397260273735,1.0,1.0,1.0,100.0
303.0,20.83013698630113,1.0,1.0,1.0,100.0
304.0,20.832876712328527,1.0,1.0,1.0,100.0
305.0,20.835616438355924,1.0,1.0,1.0,100.0
306.0,20.83835616438332,1.0,1.0,1.0,100.0
307.0,20.841095890410717,1.0,1.0,1.0,100.0
308.0,20.843835616438113,1.0,1.0,1.0,100.0
309.0,20.84657534246551,1.0,1.0,1.0,100.0
310.0,20.849315068492906,1.0,1.0,1.0,100.0
311.0,20.852054794520303,1.0,1.0,1.0,100.0
312.0,20.8547945205477,1.0,1.0,1.0,100.0
313.0,20.857534246575096,1.0,1.0,1.0,100.0
314.0,20.860273972602492,1.0,1.0,1.0,100.0
315.0,20.86301369862989,1.0,1.0,1.0,100.0
316.0,20.865753424657285,1.0,1.0,1.0,100.0
317.0,20.86849315068468,1.0,1.0,1.0,100.0
318.0,20.871232876712078,1.0,1.0,1.0,100.0
319.0,20.873972602739475,1.0,1.0,1.0,100.0
320.0,20.87671232876687,1.0,1.0,1.0,100.0
321.0,20.879452054794267,1.0,1.0,1.0,100.0
322.0,20.882191780821664,1.0,1.0,1.0,100.0
323.0,20.88493150684906,1.0,1.0,1.0,100.0
324.0,20.887671232876457,1.0,1.0,1.0,100.0
325.0,20.890410958903853,1.0,1.0,1.0,100.0
326.0,20.89315068493125,1.0,1.0,1.0,100.0
327.0,20.895890410958646,1.0,1.0,1.0,100.0
328.0,20.898630136986043,1.0,1.0,1.0,100.0
329.0,20.90136986301344,1.0,1.0,1.0,100.0
330.0,20.904109589040836,1.0,1.0,1.0,100.0
331.0,20.906849315068232,1.0,1.0,1.0,100.0
332.0,20.90958904109563,1.0,1.0,1.0,100.0
333.0,20.912328767123025,1.0,1.0,1.0,100.0
334.0,20.91506849315042,1.0,1.0,1.0,100.0
335.0,20.917808219177818,1.0,1.0,1.0,100.0
336.0,20.920547945205215,1.0,1.0,1.0,100.0
337.0,20.92328767123261,1.0,1.0,1.0,100.0
338.0,20.926027397260007,1.0,1.0,1.0,100.0
339.0,20.928767123287404,1.0,1.0,1.0,100.0
340.0,20.9315068493148,1.0,1.0,1.0,100.0
341.0,20.934246575342197,1.0,1.0,1.0,100.0
342.0,20.936986301369593,1.0,1.0,1.0,100.0
343.0,20.93972602739699,1.0,1.0,1.0,100.0
344.0,20.942465753424386,1.0,1.0,1.0,100.0
345.0,20.945205479451783,1.0,1.0,1.0,100.0
346.0,20.94794520547918,1.0,1.0,1.0,100.0
347.0,20.950684931506576,1.0,1.0,1.0,100.0
348.0,20.953424657533972,1.0,1.0,1.0,100.0
349.0,20.95616438356137,1.0,1.0,1.0,100.0
350.0,20.958904109588765,1.0,1.0,1.0,100.0
351.0,20.96164383561616,1.0,1.0,1.0,100.0
352.0,20.964383561643558,1.0,1.0,1.0,100.0
353.0,20.967123287670955,1.0,1.0,1.0,100.0
354.0,20.96986301369835,1.0,1.0,1.0,100.0
355.0,20.972602739725748,1.0,1.0,1.0,100.0
356.0,20.975342465753144,1.0,1.0,1.0,100.0
357.0,20.97808219178054,1.0,1.0,1.0,100.0
358.0,20.980821917807937,1.0,1.0,1.0,100.0
359.0,20.983561643835333,1.0,1.0,1.0,100.0
360.0,20.98630136986273,1.0,1.0,1.0,100.0
361.0,20.989041095890126,1.0,1.0,1.0,100.0
362.0,20.991780821917523,1.0,1.0,1.0,100.0
363.0,20.99452054794492,1.0,1.0,1.0,100.0
364.0,20.997260273972316,1.0,1.0,1.0,100.0
365.0,20.999999999999712,1.0,1.0,1.0,100.0
366.0,21.00273972602711,1.0,1.0,1.0,100.0
367.0,21.005479452054505,1.0,1.0,1.0,100.0
368.0,21.0082191780819,1.0,1.0,1.0,100.0
369.0,21.010958904109298,1.0,1.0,1.0,100.0
370.0,21.013698630136695,1.0,1.0,1.0,100.0
371.0,21.01643835616409,1.0,1.0,1.0,100.0
372.0,21.019178082191488,1.0,1.0,1.0,100.0
373.0,21.021917808218884,1.0,1.0,1.0,100.0
374.0,21.02465753424628,1.0,1.0,1.0,100.0
375.0,21.027397260273677,1.0,1.0,1.0,100.0
376.0,21.030136986301073,1.0,1.0,1.0,100.0
377.0,21.03287671232847,1.0,1.0,1.0,100.0
378.0,21.035616438355866,1.0,1.0,1.0,100.0
379.0,21.038356164383263,1.0,1.0,1.0,100.0
380.0,21.04109589041066,1.0,1.0,1.0,100.0
381.0,21.043835616438056,1.0,1.0,1.0,100.0
382.0,21.046575342465452,1.0,1.0,1.0,100.0
383.0,21.04931506849285,1.0,1.0,1.0,100.0
384.0,21.052054794520245,1.0,1.0,1.0,100.0
385.0,21.05479452054764,1.0,1.0,1.0,100.0
386.0,21.057534246575038,1.0,1.0,1.0,100.0
387.0,21.060273972602435,1.0,1.0,1.0,100.0
388.0,21.06301369862983,1.0,1.0,1.0,100.0
389.0,21.065753424657228,1.0,1.0,1.0,100.0
390.0,21.068493150684624,1.0,1.0,1.0,100.0
391.0,21.07123287671202,1.0,1.0,1.0,100.0
392.0,21.073972602739417,1.0,1.0,1.0,100.0
393.0,21.076712328766813,1.0,1.0,1.0,100.0
394.0,21.07945205479421,1.0,1.0,1.0,100.0
395.0,21.082191780821606,1.0,1.0,1.0,100.0
396.0,21.084931506849003,1.0,1.0,1.0,100.0
397.0,21.0876712328764,1.0,1.0,1.0,100.0
398.0,21.090410958903796,1.0,1.0,1.0,100.0
399.0,21.093150684931192,1.0,1.0,1.0,100.0
400.0,21.09589041095859,1.0,1.0,1.0,100.0
401.0,21.098630136985985,1.0,1.0,1.0,100.0
402.0,21.10136986301338,1.0,1.0,1.0,100.0
403.0,21.104109589040778,1.0,1.0,1.0,100.0
404.0,21.106849315068175,1.0,1.0,1.0,100.0
405.0,21.10958904109557,1.0,1.0,1.0,100.0
406.0,21.112328767122968,1.0,1.0,1.0,100.0
407.0,21.115068493150364,1.0,1.0,1.0,100.0
408.0,21.11780821917776,1.0,1.0,1.0,100.0
409.0,21.120547945205157,1.0,1.0,1.0,100.0
410.0,21.123287671232553,1.0,1.0,1.0,100.0
411.0,21.12602739725995,1.0,1.0,1.0,100.0
412.0,21.128767123287346,1.0,1.0,1.0,100.0
413.0,21.131506849314743,1.0,1.0,1.0,100.0
414.0,21.13424657534214,1.0,1.0,1.0,100.0
415.0,21.136986301369536,1.0,1.0,1.0,100.0
416.0,21.139726027396932,1.0,1.0,1.0,100.0
417.0,21.14246575342433,1.0,1.0,1.0,100.0
418.0,21.145205479451725,1.0,1.0,1.0,100.0
419.0,21.14794520547912,1.0,1.0,1.0,100.0
420.0,21.150684931506518,1.0,1.0,1.0,100.0
421.0,21.153424657533915,1.0,1.0,1.0,100.0
422.0,21.15616438356131,1.0,1.0,1.0,100.0
423.0,21.158904109588708,1.0,1.0,1.0,100.0
424.0,21.161643835616104,1.0,1.0,1.0,100.0
425.0,21.1643835616435,1.0,1.0,1.0,100.0
426.0,21.167123287670897,1.0,1.0,1.0,100.0
427.0,21.169863013698293,1.0,1.0,1.0,100.0
428.0,21.17260273972569,1.0,1.0,1.0,100.0
429.0,21.175342465753086,1.0,1.0,1.0,100.0
430.0,21.178082191780483,1.0,1.0,1.0,100.0
431.0,21.18082191780788,1.0,1.0,1.0,100.0
432.0,21.183561643835276,1.0,1.0,1.0,100.0
433.0,21.186301369862672,1.0,1.0,1.0,100.0
434.0,21.18904109589007,1.0,1.0,1.0,100.0
435.0,21.191780821917465,1.0,1.0,1.0,100.0
436.0,21.19452054794486,1.0,1.0,1.0,100.0
437.0,21.197260273972258,1.0,1.0,1.0,100.0
438.0,21.199999999999655,1.0,1.0,1.0,100.0
439.0,21.20273972602705,1.0,1.0,1.0,100.0
440.0,21.205479452054448,1.0,1.0,1.0,100.0
441.0,21.208219178081844,1.0,1.0,1.0,100.0
442.0,21.21095890410924,1.0,1.0,1.0,100.0
443.0,21.213698630136637,1.0,1.0,1.0,100.0
444.0,21.216438356164034,1.0,1.0,1.0,100.0
445.0,21.21917808219143,1.0,1.0,1.0,100.0
446.0,21.221917808218826,1.0,1.0,1.0,100.0
447.0,21.224657534246223,1.0,1.0,1.0,100.0
448.0,21.22739726027362,1.0,1.0,1.0,100.0
449.0,21.230136986301016,1.0,1.0,1.0,100.0
450.0,21.232876712328412,1.0,1.0,1.0,100.0
451.0,21.23561643835581,1.0,1.0,1.0,100.0
452.0,21.238356164383205,1.0,1.0,1.0,100.0
453.0,21.2410958904106,1.0,1.0,1.0,100.0
454.0,21.243835616438,1.0,1.0,1.0,100.0
455.0,21.246575342465395,1.0,1.0,1.0,100.0
456.0,21.24931506849279,1.0,1.0,1.0,100.0
457.0,21.252054794520188,1.0,1.0,1.0,100.0
458.0,21.254794520547584,1.0,1.0,1.0,100.0
459.0,21.25753424657498,1.0,1.0,1.0,100.0
460.0,21.260273972602377,1.0,1.0,1.0,100.0
461.0,21.263013698629774,1.0,1.0,1.0,100.0
462.0,21.26575342465717,1.0,1.0,1.0,100.0
463.0,21.268493150684566,1.0,1.0,1.0,100.0
464.0,21.271232876711963,1.0,1.0,1.0,100.0
465.0,21.27397260273936,1.0,1.0,1.0,100.0
466.0,21.276712328766756,1.0,1.0,1.0,100.0
467.0,21.279452054794152,1.0,1.0,1.0,100.0
468.0,21.28219178082155,1.0,1.0,1.0,100.0
469.0,21.284931506848945,1.0,1.0,1.0,100.0
470.0,21.28767123287634,1.0,1.0,1.0,100.0
471.0,21.29041095890374,1.0,1.0,1.0,100.0
472.0,21.293150684931135,1.0,1.0,1.0,100.0
473.0,21.29589041095853,1.0,1.0,1.0,100.0
474.0,21.298630136985928,1.0,1.0,1.0,100.0
475.0,21.301369863013324,1.0,1.0,1.0,100.0
476.0,21.30410958904072,1.0,1.0,1.0,100.0
477.0,21.306849315068117,1.0,1.0,1.0,100.0
478.0,21.309589041095514,1.0,1.0,1.0,100.0
479.0,21.31232876712291,1.0,1.0,1.0,100.0
480.0,21.315068493150306,1.0,1.0,1.0,100.0
481.0,21.317808219177703,1.0,1.0,1.0,100.0
482.0,21.3205479452051,1.0,1.0,1.0,100.0
483.0,21.323287671232496,1.0,1.0,1.0,100.0
484.0,21.326027397259892,1.0,1.0,1.0,100.0
485.0,21.32876712328729,1.0,1.0,1.0,100.0
486.0,21.331506849314685,1.0,1.0,1.0,100.0
487.0,21.334246575342082,1.0,1.0,1.0,100.0
488.0,21.33698630136948,1.0,1.0,1.0,100.0
489.0,21.339726027396875,1.0,1.0,1.0,100.0
490.0,21.34246575342427,1.0,1.0,1.0,100.0
491.0,21.345205479451668,1.0,1.0,1.0,100.0
492.0,21.347945205479064,1.0,1.0,1.0,100.0
493.0,21.35068493150646,1.0,1.0,1.0,100.0
494.0,21.353424657533857,1.0,1.0,1.0,100.0
495.0,21.356164383561254,1.0,1.0,1.0,100.0
496.0,21.35890410958865,1.0,1.0,1.0,100.0
497.0,21.361643835616047,1.0,1.0,1.0,100.0
498.0,21.364383561643443,1.0,1.0,1.0,100.0
499.0,21.36712328767084,1.0,1.0,1.0,100.0
500.0,21.369863013698236,1.0,1.0,1.0,100.0
501.0,21.372602739725632,1.0,1.0,1.0,100.0
502.0,21.37534246575303,1.0,1.0,1.0,100.0
503.0,21.378082191780425,1.0,1.0,1.0,100.0
504.0,21.380821917807822,1.0,1.0,1.0,100.0
505.0,21.38356164383522,1.0,1.0,1.0,100.0
506.0,21.386301369862615,1.0,1.0,1.0,100.0
507.0,21.38904109589001,1.0,1.0,1.0,100.0
508.0,21.391780821917408,1.0,1.0,1.0,100.0
509.0,21.394520547944804,1.0,1.0,1.0,100.0
510.0,21.3972602739722,1.0,1.0,1.0,100.0
511.0,21.399999999999597,1.0,1.0,1.0,100.0
512.0,21.402739726026994,1.0,1.0,1.0,100.0
513.0,21.40547945205439,1.0,1.0,1.0,100.0
514.0,21.408219178081787,1.0,1.0,1.0,100.0
515.0,21.410958904109183,1.0,1.0,1.0,100.0
516.0,21.41369863013658,1.0,1.0,1.0,100.0
517.0,21.416438356163976,1.0,1.0,1.0,100.0
518.0,21.419178082191372,1.0,1.0,1.0,100.0
519.0,21.42191780821877,1.0,1.0,1.0,100.0
520.0,21.424657534246165,1.0,1.0,1.0,100.0
521.0,21.427397260273562,1.0,1.0,1.0,100.0
522.0,21.43013698630096,1.0,1.0,1.0,100.0
523.0,21.432876712328355,1.0,1.0,1.0,100.0
524.0,21.43561643835575,1.0,1.0,1.0,100.0
525.0,21.438356164383148,1.0,1.0,1.0,100.0
526.0,21.441095890410544,1.0,1.0,1.0,100.0
527.0,21.44383561643794,1.0,1.0,1.0,100.0
528.0,21.446575342465337,1.0,1.0,1.0,100.0
529.0,21.449315068492734,1.0,1.0,1.0,100.0
530.0,21.45205479452013,1.0,1.0,1.0,100.0
531.0,21.454794520547527,1.0,1.0,1.0,100.0
532.0,21.457534246574923,1.0,1.0,1.0,100.0
533.0,21.46027397260232,1.0,1.0,1.0,100.0
534.0,21.463013698629716,1.0,1.0,1.0,100.0
535.0,21.465753424657112,1.0,1.0,1.0,100.0
536.0,21.46849315068451,1.0,1.0,1.0,100.0
537.0,21.471232876711905,1.0,1.0,1.0,100.0
538.0,21.473972602739302,1.0,1.0,1.0,100.0
539.0,21.4767123287667,1.0,1.0,1.0,100.0
540.0,21.479452054794095,1.0,1.0,1.0,100.0
541.0,21.48219178082149,1.0,1.0,1.0,100.0
542.0,21.484931506848888,1.0,1.0,1.0,100.0
543.0,21.487671232876284,1.0,1.0,1.0,100.0
544.0,21.49041095890368,1.0,1.0,1.0,100.0
545.0,21.493150684931077,1.0,1.0,1.0,100.0
546.0,21.495890410958474,1.0,1.0,1.0,100.0
547.0,21.49863013698587,1.0,1.0,1.0,100.0
548.0,21.501369863013267,1.0,1.0,1.0,100.0
549.0,21.504109589040663,1.0,1.0,1.0,100.0
550.0,21.50684931506806,1.0,1.0,1.0,100.0
551.0,21.509589041095456,1.0,1.0,1.0,100.0
552.0,21.512328767122852,1.0,1.0,1.0,100.0
553.0,21.51506849315025,1.0,1.0,1.0,100.0
554.0,21.517808219177645,1.0,1.0,1.0,100.0
555.0,21.520547945205042,1.0,1.0,1.0,100.0
556.0,21.52328767123244,1.0,1.0,1.0,100.0
557.0,21.526027397259835,1.0,1.0,1.0,100.0
558.0,21.52876712328723,1.0,1.0,1.0,100.0
559.0,21.531506849314628,1.0,1.0,1.0,100.0
560.0,21.534246575342024,1.0,1.0,1.0,100.0
561.0,21.53698630136942,1.0,1.0,1.0,100.0
562.0,21.539726027396817,1.0,1.0,1.0,100.0
563.0,21.542465753424214,1.0,1.0,1.0,100.0
564.0,21.54520547945161,1.0,1.0,1.0,100.0
565.0,21.547945205479007,1.0,1.0,1.0,100.0
566.0,21.550684931506403,1.0,1.0,1.0,100.0
567.0,21.5534246575338,1.0,1.0,1.0,100.0
568.0,21.556164383561196,1.0,1.0,1.0,100.0
569.0,21.558904109588592,1.0,1.0,1.0,100.0
570.0,21.56164383561599,1.0,1.0,1.0,100.0
571.0,21.564383561643385,1.0,1.0,1.0,100.0
572.0,21.567123287670782,1.0,1.0,1.0,100.0
573.0,21.56986301369818,1.0,1.0,1.0,100.0
574.0,21.572602739725575,1.0,1.0,1.0,100.0
575.0,21.57534246575297,1.0,1.0,1.0,100.0
576.0,21.578082191780368,1.0,1.0,1.0,100.0
577.0,21.580821917807764,1.0,1.0,1.0,100.0
578.0,21.58356164383516,1.0,1.0,1.0,100.0
579.0,21.586301369862557,1.0,1.0,1.0,100.0
580.0,21.589041095889954,1.0,1.0,1.0,100.0
581.0,21.59178082191735,1.0,1.0,1.0,100.0
582.0,21.594520547944747,1.0,1.0,1.0,100.0
583.0,21.597260273972143,1.0,1.0,1.0,100.0
584.0,21.59999999999954,1.0,1.0,1.0,100.0
585.0,21.602739726026936,1.0,1.0,1.0,100.0
586.0,21.605479452054333,1.0,1.0,1.0,100.0
587.0,21.60821917808173,1.0,1.0,1.0,100.0
588.0,21.610958904109125,1.0,1.0,1.0,100.0
589.0,21.613698630136522,1.0,1.0,1.0,100.0
590.0,21.61643835616392,1.0,1.0,1.0,100.0
591.0,21.619178082191315,1.0,1.0,1.0,100.0
592.0,21.62191780821871,1.0,1.0,1.0,100.0
593.0,21.624657534246108,1.0,1.0,1.0,100.0
594.0,21.627397260273504,1.0,1.0,1.0,100.0
595.0,21.6301369863009,1.0,1.0,1.0,100.0
596.0,21.632876712328297,1.0,1.0,1.0,100.0
597.0,21.635616438355694,1.0,1.0,1.0,100.0
598.0,21.63835616438309,1.0,1.0,1.0,100.0
599.0,21.641095890410487,1.0,1.0,1.0,100.0
600.0,21.643835616437883,1.0,1.0,1.0,100.0
601.0,21.64657534246528,1.0,1.0,1.0,100.0
602.0,21.649315068492676,1.0,1.0,1.0,100.0
603.0,21.652054794520073,1.0,1.0,1.0,100.0
604.0,21.65479452054747,1.0,1.0,1.0,100.0
605.0,21.657534246574865,1.0,1.0,1.0,100.0
606.0,21.660273972602262,1.0,1.0,1.0,100.0
607.0,21.66301369862966,1.0,1.0,1.0,100.0
608.0,21.665753424657055,1.0,1.0,1.0,100.0
609.0,21.66849315068445,1.0,1.0,1.0,100.0
610.0,21.671232876711848,1.0,1.0,1.0,100.0
611.0,21.673972602739244,1.0,1.0,1.0,100.0
612.0,21.67671232876664,1.0,1.0,1.0,100.0
613.0,21.679452054794037,1.0,1.0,1.0,100.0
614.0,21.682191780821434,1.0,1.0,1.0,100.0
615.0,21.68493150684883,1.0,1.0,1.0,100.0
616.0,21.687671232876227,1.0,1.0,1.0,100.0
617.0,21.690410958903623,1.0,1.0,1.0,100.0
618.0,21.69315068493102,1.0,1.0,1.0,100.0
619.0,21.695890410958416,1.0,1.0,1.0,100.0
620.0,21.698630136985813,1.0,1.0,1.0,100.0
621.0,21.70136986301321,1.0,1.0,1.0,100.0
622.0,21.704109589040605,1.0,1.0,1.0,100.0
623.0,21.706849315068002,1.0,1.0,1.0,100.0
624.0,21.7095890410954,1.0,1.0,1.0,100.0
625.0,21.712328767122795,1.0,1.0,1.0,100.0
626.0,21.71506849315019,1.0,1.0,1.0,100.0
627.0,21.717808219177588,1.0,1.0,1.0,100.0
628.0,21.720547945204984,1.0,1.0,1.0,100.0
629.0,21.72328767123238,1.0,1.0,1.0,100.0
630.0,21.726027397259777,1.0,1.0,1.0,100.0
631.0,21.728767123287174,1.0,1.0,1.0,100.0
632.0,21.73150684931457,1.0,1.0,1.0,100.0
633.0,21.734246575341967,1.0,1.0,1.0,100.0
634.0,21.736986301369363,1.0,1.0,1.0,100.0
635.0,21.73972602739676,1.0,1.0,1.0,100.0
636.0,21.742465753424156,1.0,1.0,1.0,100.0
637.0,21.745205479451553,1.0,1.0,1.0,100.0
638.0,21.74794520547895,1.0,1.0,1.0,100.0
639.0,21.750684931506346,1.0,1.0,1.0,100.0
640.0,21.753424657533742,1.0,1.0,1.0,100.0
641.0,21.75616438356114,1.0,1.0,1.0,100.0
642.0,21.758904109588535,1.0,1.0,1.0,100.0
643.0,21.76164383561593,1.0,1.0,1.0,100.0
644.0,21.764383561643328,1.0,1.0,1.0,100.0
645.0,21.767123287670724,1.0,1.0,1.0,100.0
646.0,21.76986301369812,1.0,1.0,1.0,100.0
647.0,21.772602739725517,1.0,1.0,1.0,100.0
648.0,21.775342465752914,1.0,1.0,1.0,100.0
649.0,21.77808219178031,1.0,1.0,1.0,100.0
650.0,21.780821917807707,1.0,1.0,1.0,100.0
651.0,21.783561643835103,1.0,1.0,1.0,100.0
652.0,21.7863013698625,1.0,1.0,1.0,100.0
653.0,21.789041095889896,1.0,1.0,1.0,100.0
654.0,21.791780821917293,1.0,1.0,1.0,100.0
655.0,21.79452054794469,1.0,1.0,1.0,100.0
656.0,21.797260273972086,1.0,1.0,1.0,100.0
657.0,21.799999999999482,1.0,1.0,1.0,100.0
658.0,21.80273972602688,1.0,1.0,1.0,100.0
659.0,21.805479452054275,1.0,1.0,1.0,100.0
660.0,21.80821917808167,1.0,1.0,1.0,100.0
661.0,21.810958904109068,1.0,1.0,1.0,100.0
662.0,21.813698630136464,1.0,1.0,1.0,100.0
663.0,21.81643835616386,1.0,1.0,1.0,100.0
664.0,21.819178082191257,1.0,1.0,1.0,100.0
665.0,21.821917808218654,1.0,1.0,1.0,100.0
666.0,21.82465753424605,1.0,1.0,1.0,100.0
667.0,21.827397260273447,1.0,1.0,1.0,100.0
668.0,21.830136986300843,1.0,1.0,1.0,100.0
669.0,21.83287671232824,1.0,1.0,1.0,100.0
670.0,21.835616438355636,1.0,1.0,1.0,100.0
671.0,21.838356164383033,1.0,1.0,1.0,100.0
672.0,21.84109589041043,1.0,1.0,1.0,100.0
673.0,21.843835616437826,1.0,1.0,1.0,100.0
674.0,21.846575342465222,1.0,1.0,1.0,100.0
675.0,21.84931506849262,1.0,1.0,1.0,100.0
676.0,21.852054794520015,1.0,1.0,1.0,100.0
677.0,21.85479452054741,1.0,1.0,1.0,100.0
678.0,21.857534246574808,1.0,1.0,1.0,100.0
679.0,21.860273972602204,1.0,1.0,1.0,100.0
680.0,21.8630136986296,1.0,1.0,1.0,100.0
681.0,21.865753424656997,1.0,1.0,1.0,100.0
682.0,21.868493150684394,1.0,1.0,1.0,100.0
683.0,21.87123287671179,1.0,1.0,1.0,100.0
684.0,21.873972602739187,1.0,1.0,1.0,100.0
685.0,21.876712328766583,1.0,1.0,1.0,100.0
686.0,21.87945205479398,1.0,1.0,1.0,100.0
687.0,21.882191780821376,1.0,1.0,1.0,100.0
688.0,21.884931506848773,1.0,1.0,1.0,100.0
689.0,21.88767123287617,1.0,1.0,1.0,100.0
690.0,21.890410958903566,1.0,1.0,1.0,100.0
691.0,21.893150684930962,1.0,1.0,1.0,100.0
692.0,21.89589041095836,1.0,1.0,1.0,100.0
693.0,21.898630136985755,1.0,1.0,1.0,100.0
694.0,21.90136986301315,1.0,1.0,1.0,100.0
695.0,21.904109589040548,1.0,1.0,1.0,100.0
696.0,21.906849315067944,1.0,1.0,1.0,100.0
697.0,21.90958904109534,1.0,1.0,1.0,100.0
698.0,21.912328767122737,1.0,1.0,1.0,100.0
699.0,21.915068493150134,1.0,1.0,1.0,100.0
700.0,21.91780821917753,1.0,1.0,1.0,100.0
701.0,21.920547945204927,1.0,1.0,1.0,100.0
702.0,21.923287671232323,1.0,1.0,1.0,100.0
703.0,21.92602739725972,1.0,1.0,1.0,100.0
704.0,21.928767123287116,1.0,1.0,1.0,100.0
705.0,21.931506849314513,1.0,1.0,1.0,100.0
706.0,21.93424657534191,1.0,1.0,1.0,100.0
707.0,21.936986301369306,1.0,1.0,1.0,100.0
708.0,21.939726027396702,1.0,1.0,1.0,100.0
709.0,21.9424657534241,1.0,1.0,1.0,100.0
710.0,21.945205479451495,1.0,1.0,1.0,100.0
711.0,21.94794520547889,1.0,1.0,1.0,100.0
712.0,21.950684931506288,1.0,1.0,1.0,100.0
713.0,21.953424657533684,1.0,1.0,1.0,100.0
714.0,21.95616438356108,1.0,1.0,1.0,100.0
715.0,21.958904109588477,1.0,1.0,1.0,100.0
716.0,21.961643835615874,1.0,1.0,1.0,100.0
717.0,21.96438356164327,1.0,1.0,1.0,100.0
718.0,21.967123287670667,1.0,1.0,1.0,100.0
719.0,21.969863013698063,1.0,1.0,1.0,100.0
720.0,21.97260273972546,1.0,1.0,1.0,100.0
721.0,21.975342465752856,1.0,1.0,1.0,100.0
722.0,21.978082191780253,1.0,1.0,1.0,100.0
723.0,21.98082191780765,1.0,1.0,1.0,100.0
724.0,21.983561643835046,1.0,1.0,1.0,100.0
725.0,21.986301369862442,1.0,1.0,1.0,100.0
726.0,21.98904109588984,1.0,1.0,1.0,100.0
727.0,21.991780821917235,1.0,1.0,1.0,100.0
728.0,21.99452054794463,1.0,1.0,1.0,100.0
729.0,21.997260273972028,1.0,1.0,1.0,100.0
730.0,21.999999999999424,1.0,1.0,1.0,100.0
731.0,22.00273972602682,1.0,1.0,1.0,100.0
732.0,22.005479452054217,1.0,1.0,1.0,100.0
733.0,22.008219178081614,1.0,1.0,1.0,100.0
734.0,22.01095890410901,1.0,1.0,1.0,100.0
735.0,22.013698630136407,1.0,1.0,1.0,100.0
736.0,22.016438356163803,1.0,1.0,1.0,100.0
737.0,22.0191780821912,1.0,1.0,1.0,100.0
738.0,22.021917808218596,1.0,1.0,1.0,100.0
739.0,22.024657534245993,1.0,1.0,1.0,100.0
740.0,22.02739726027339,1.0,1.0,1.0,100.0
741.0,22.030136986300786,1.0,1.0,1.0,100.0
742.0,22.032876712328182,1.0,1.0,1.0,100.0
743.0,22.03561643835558,1.0,1.0,1.0,100.0
744.0,22.038356164382975,1.0,1.0,1.0,100.0
745.0,22.04109589041037,1.0,1.0,1.0,100.0
746.0,22.043835616437768,1.0,1.0,1.0,100.0
747.0,22.046575342465164,1.0,1.0,1.0,100.0
748.0,22.04931506849256,1.0,1.0,1.0,100.0
749.0,22.052054794519957,1.0,1.0,1.0,100.0
750.0,22.054794520547354,1.0,1.0,1.0,100.0
751.0,22.05753424657475,1.0,1.0,1.0,100.0
752.0,22.060273972602147,1.0,1.0,1.0,100.0
753.0,22.063013698629543,1.0,1.0,1.0,100.0
754.0,22.06575342465694,1.0,1.0,1.0,100.0
755.0,22.068493150684336,1.0,1.0,1.0,100.0
756.0,22.071232876711733,1.0,1.0,1.0,100.0
757.0,22.07397260273913,1.0,1.0,1.0,100.0
758.0,22.076712328766526,1.0,1.0,1.0,100.0
759.0,22.079452054793922,1.0,1.0,1.0,100.0
760.0,22.08219178082132,1.0,1.0,1.0,100.0
761.0,22.084931506848715,1.0,1.0,1.0,100.0
762.0,22.08767123287611,1.0,1.0,1.0,100.0
763.0,22.090410958903508,1.0,1.0,1.0,100.0
764.0,22.093150684930905,1.0,1.0,1.0,100.0
765.0,22.0958904109583,1.0,1.0,1.0,100.0
766.0,22.098630136985697,1.0,1.0,1.0,100.0
767.0,22.101369863013094,1.0,1.0,1.0,100.0
768.0,22.10410958904049,1.0,1.0,1.0,100.0
769.0,22.106849315067887,1.0,1.0,1.0,100.0
770.0,22.109589041095283,1.0,1.0,1.0,100.0
771.0,22.11232876712268,1.0,1.0,1.0,100.0
772.0,22.115068493150076,1.0,1.0,1.0,100.0
773.0,22.117808219177473,1.0,1.0,1.0,100.0
774.0,22.12054794520487,1.0,1.0,1.0,100.0
775.0,22.123287671232266,1.0,1.0,1.0,100.0
776.0,22.126027397259662,1.0,1.0,1.0,100.0
777.0,22.12876712328706,1.0,1.0,1.0,100.0
778.0,22.131506849314455,1.0,1.0,1.0,100.0
779.0,22.13424657534185,1.0,1.0,1.0,100.0
780.0,22.136986301369248,1.0,1.0,1.0,100.0
781.0,22.139726027396645,1.0,1.0,1.0,100.0
782.0,22.14246575342404,1.0,1.0,1.0,100.0
783.0,22.145205479451437,1.0,1.0,1.0,100.0
784.0,22.147945205478834,1.0,1.0,1.0,100.0
785.0,22.15068493150623,1.0,1.0,1.0,100.0
786.0,22.153424657533627,1.0,1.0,1.0,100.0
787.0,22.156164383561023,1.0,1.0,1.0,100.0
788.0,22.15890410958842,1.0,1.0,1.0,100.0
789.0,22.161643835615816,1.0,1.0,1.0,100.0
790.0,22.164383561643213,1.0,1.0,1.0,100.0
791.0,22.16712328767061,1.0,1.0,1.0,100.0
792.0,22.169863013698006,1.0,1.0,1.0,100.0
793.0,22.172602739725402,1.0,1.0,1.0,100.0
794.0,22.1753424657528,1.0,1.0,1.0,100.0
795.0,22.178082191780195,1.0,1.0,1.0,100.0
796.0,22.18082191780759,1.0,1.0,1.0,100.0
797.0,22.183561643834988,1.0,1.0,1.0,100.0
798.0,22.186301369862385,1.0,1.0,1.0,100.0
799.0,22.18904109588978,1.0,1.0,1.0,100.0
800.0,22.191780821917177,1.0,1.0,1.0,100.0
801.0,22.194520547944574,1.0,1.0,1.0,100.0
802.0,22.19726027397197,1.0,1.0,1.0,100.0
803.0,22.199999999999367,1.0,1.0,1.0,100.0
804.0,22.202739726026763,1.0,1.0,1.0,100.0
805.0,22.20547945205416,1.0,1.0,1.0,100.0
806.0,22.208219178081556,1.0,1.0,1.0,100.0
807.0,22.210958904108953,1.0,1.0,1.0,100.0
808.0,22.21369863013635,1.0,1.0,1.0,100.0
809.0,22.216438356163746,1.0,1.0,1.0,100.0
810.0,22.219178082191142,1.0,1.0,1.0,100.0
811.0,22.22191780821854,1.0,1.0,1.0,100.0
812.0,22.224657534245935,1.0,1.0,1.0,100.0
813.0,22.22739726027333,1.0,1.0,1.0,100.0
814.0,22.230136986300728,1.0,1.0,1.0,100.0
815.0,22.232876712328125,1.0,1.0,1.0,100.0
816.0,22.23561643835552,1.0,1.0,1.0,100.0
817.0,22.238356164382918,1.0,1.0,1.0,100.0
818.0,22.241095890410314,1.0,1.0,1.0,100.0
819.0,22.24383561643771,1.0,1.0,1.0,100.0
820.0,22.246575342465107,1.0,1.0,1.0,100.0
821.0,22.249315068492503,1.0,1.0,1.0,100.0
822.0,22.2520547945199,1.0,1.0,1.0,100.0
823.0,22.254794520547296,1.0,1.0,1.0,100.0
824.0,22.257534246574693,1.0,1.0,1.0,100.0
825.0,22.26027397260209,1.0,1.0,1.0,100.0
826.0,22.263013698629486,1.0,1.0,1.0,100.0
827.0,22.265753424656882,1.0,1.0,1.0,100.0
828.0,22.26849315068428,1.0,1.0,1.0,100.0
829.0,22.271232876711675,1.0,1.0,1.0,100.0
830.0,22.27397260273907,1.0,1.0,1.0,100.0
831.0,22.276712328766468,1.0,1.0,1.0,100.0
832.0,22.279452054793865,1.0,1.0,1.0,100.0
833.0,22.28219178082126,1.0,1.0,1.0,100.0
834.0,22.284931506848658,1.0,1.0,1.0,100.0
835.0,22.287671232876054,1.0,1.0,1.0,100.0
836.0,22.29041095890345,1.0,1.0,1.0,100.0
837.0,22.293150684930847,1.0,1.0,1.0,100.0
838.0,22.295890410958243,1.0,1.0,1.0,100.0
839.0,22.29863013698564,1.0,1.0,1.0,100.0
840.0,22.301369863013036,1.0,1.0,1.0,100.0
841.0,22.304109589040433,1.0,1.0,1.0,100.0
842.0,22.30684931506783,1.0,1.0,1.0,100.0
843.0,22.309589041095226,1.0,1.0,1.0,100.0
844.0,22.312328767122622,1.0,1.0,1.0,100.0
845.0,22.31506849315002,1.0,1.0,1.0,100.0
846.0,22.317808219177415,1.0,1.0,1.0,100.0
847.0,22.32054794520481,1.0,1.0,1.0,100.0
848.0,22.323287671232208,1.0,1.0,1.0,100.0
849.0,22.326027397259605,1.0,1.0,1.0,100.0
850.0,22.328767123287,1.0,1.0,1.0,100.0
851.0,22.331506849314398,1.0,1.0,1.0,100.0
852.0,22.334246575341794,1.0,1.0,1.0,100.0
853.0,22.33698630136919,1.0,1.0,1.0,100.0
854.0,22.339726027396587,1.0,1.0,1.0,100.0
855.0,22.342465753423983,1.0,1.0,1.0,100.0
856.0,22.34520547945138,1.0,1.0,1.0,100.0
857.0,22.347945205478776,1.0,1.0,1.0,100.0
858.0,22.350684931506173,1.0,1.0,1.0,100.0
859.0,22.35342465753357,1.0,1.0,1.0,100.0
860.0,22.356164383560966,1.0,1.0,1.0,100.0
861.0,22.358904109588362,1.0,1.0,1.0,100.0
862.0,22.36164383561576,1.0,1.0,1.0,100.0
863.0,22.364383561643155,1.0,1.0,1.0,100.0
864.0,22.36712328767055,1.0,1.0,1.0,100.0
865.0,22.369863013697948,1.0,1.0,1.0,100.0
866.0,22.372602739725345,1.0,1.0,1.0,100.0
867.0,22.37534246575274,1.0,1.0,1.0,100.0
868.0,22.378082191780138,1.0,1.0,1.0,100.0
869.0,22.380821917807534,1.0,1.0,1.0,100.0
870.0,22.38356164383493,1.0,1.0,1.0,100.0
871.0,22.386301369862327,1.0,1.0,1.0,100.0
872.0,22.389041095889723,1.0,1.0,1.0,100.0
873.0,22.39178082191712,1.0,1.0,1.0,100.0
874.0,22.394520547944516,1.0,1.0,1.0,100.0
875.0,22.397260273971913,1.0,1.0,1.0,100.0
876.0,22.39999999999931,1.0,1.0,1.0,100.0
877.0,22.402739726026706,1.0,1.0,1.0,100.0
878.0,22.405479452054102,1.0,1.0,1.0,100.0
879.0,22.4082191780815,1.0,1.0,1.0,100.0
880.0,22.410958904108895,1.0,1.0,1.0,100.0
881.0,22.41369863013629,1.0,1.0,1.0,100.0
882.0,22.416438356163688,1.0,1.0,1.0,100.0
883.0,22.419178082191085,1.0,1.0,1.0,100.0
884.0,22.42191780821848,1.0,1.0,1.0,100.0
885.0,22.424657534245878,1.0,1.0,1.0,100.0
886.0,22.427397260273274,1.0,1.0,1.0,100.0
887.0,22.43013698630067,1.0,1.0,1.0,100.0
888.0,22.432876712328067,1.0,1.0,1.0,100.0
889.0,22.435616438355463,1.0,1.0,1.0,100.0
890.0,22.43835616438286,1.0,1.0,1.0,100.0
891.0,22.441095890410256,1.0,1.0,1.0,100.0
892.0,22.443835616437653,1.0,1.0,1.0,100.0
893.0,22.44657534246505,1.0,1.0,1.0,100.0
894.0,22.449315068492446,1.0,1.0,1.0,100.0
895.0,22.452054794519842,1.0,1.0,1.0,100.0
896.0,22.45479452054724,1.0,1.0,1.0,100.0
897.0,22.457534246574635,1.0,1.0,1.0,100.0
898.0,22.46027397260203,1.0,1.0,1.0,100.0
899.0,22.463013698629428,1.0,1.0,1.0,100.0
900.0,22.465753424656825,1.0,1.0,1.0,100.0
901.0,22.46849315068422,1.0,1.0,1.0,100.0
902.0,22.471232876711618,1.0,1.0,1.0,100.0
903.0,22.473972602739014,1.0,1.0,1.0,100.0
904.0,22.47671232876641,1.0,1.0,1.0,100.0
905.0,22.479452054793807,1.0,1.0,1.0,100.0
906.0,22.482191780821204,1.0,1.0,1.0,100.0
907.0,22.4849315068486,1.0,1.0,1.0,100.0
908.0,22.487671232875996,1.0,1.0,1.0,100.0
909.0,22.490410958903393,1.0,1.0,1.0,100.0
910.0,22.49315068493079,1.0,1.0,1.0,100.0
911.0,22.495890410958186,1.0,1.0,1.0,100.0
912.0,22.498630136985582,1.0,1.0,1.0,100.0
913.0,22.50136986301298,1.0,1.0,1.0,100.0
914.0,22.504109589040375,1.0,1.0,1.0,100.0
915.0,22.50684931506777,1.0,1.0,1.0,100.0
916.0,22.50958904109517,1.0,1.0,1.0,100.0
917.0,22.512328767122565,1.0,1.0,1.0,100.0
918.0,22.51506849314996,1.0,1.0,1.0,100.0
919.0,22.517808219177358,1.0,1.0,1.0,100.0
920.0,22.520547945204754,1.0,1.0,1.0,100.0
921.0,22.52328767123215,1.0,1.0,1.0,100.0
922.0,22.526027397259547,1.0,1.0,1.0,100.0
923.0,22.528767123286944,1.0,1.0,1.0,100.0
924.0,22.53150684931434,1.0,1.0,1.0,100.0
925.0,22.534246575341736,1.0,1.0,1.0,100.0
926.0,22.536986301369133,1.0,1.0,1.0,100.0
927.0,22.53972602739653,1.0,1.0,1.0,100.0
928.0,22.542465753423926,1.0,1.0,1.0,100.0
929.0,22.545205479451322,1.0,1.0,1.0,100.0
930.0,22.54794520547872,1.0,1.0,1.0,100.0
931.0,22.550684931506115,1.0,1.0,1.0,100.0
932.0,22.553424657533512,1.0,1.0,1.0,100.0
933.0,22.55616438356091,1.0,1.0,1.0,100.0
934.0,22.558904109588305,1.0,1.0,1.0,100.0
935.0,22.5616438356157,1.0,1.0,1.0,100.0
936.0,22.564383561643098,1.0,1.0,1.0,100.0
937.0,22.567123287670494,1.0,1.0,1.0,100.0
938.0,22.56986301369789,1.0,1.0,1.0,100.0
939.0,22.572602739725287,1.0,1.0,1.0,100.0
940.0,22.575342465752684,1.0,1.0,1.0,100.0
941.0,22.57808219178008,1.0,1.0,1.0,100.0
942.0,22.580821917807476,1.0,1.0,1.0,100.0
943.0,22.583561643834873,1.0,1.0,1.0,100.0
944.0,22.58630136986227,1.0,1.0,1.0,100.0
945.0,22.589041095889666,1.0,1.0,1.0,100.0
946.0,22.591780821917062,1.0,1.0,1.0,100.0
947.0,22.59452054794446,1.0,1.0,1.0,100.0
948.0,22.597260273971855,1.0,1.0,1.0,100.0
949.0,22.599999999999252,1.0,1.0,1.0,100.0
950.0,22.60273972602665,1.0,1.0,1.0,100.0
951.0,22.605479452054045,1.0,1.0,1.0,100.0
952.0,22.60821917808144,1.0,1.0,1.0,100.0
953.0,22.610958904108838,1.0,1.0,1.0,100.0
954.0,22.613698630136234,1.0,1.0,1.0,100.0
955.0,22.61643835616363,1.0,1.0,1.0,100.0
956.0,22.619178082191027,1.0,1.0,1.0,100.0
957.0,22.621917808218424,1.0,1.0,1.0,100.0
958.0,22.62465753424582,1.0,1.0,1.0,100.0
959.0,22.627397260273217,1.0,1.0,1.0,100.0
960.0,22.630136986300613,1.0,1.0,1.0,100.0
961.0,22.63287671232801,1.0,1.0,1.0,100.0
962.0,22.635616438355406,1.0,1.0,1.0,100.0
963.0,22.638356164382802,1.0,1.0,1.0,100.0
964.0,22.6410958904102,1.0,1.0,1.0,100.0
965.0,22.643835616437595,1.0,1.0,1.0,100.0
966.0,22.646575342464992,1.0,1.0,1.0,100.0
967.0,22.64931506849239,1.0,1.0,1.0,100.0
968.0,22.652054794519785,1.0,1.0,1.0,100.0
969.0,22.65479452054718,1.0,1.0,1.0,100.0
970.0,22.657534246574578,1.0,1.0,1.0,100.0
971.0,22.660273972601974,1.0,1.0,1.0,100.0
972.0,22.66301369862937,1.0,1.0,1.0,100.0
973.0,22.665753424656767,1.0,1.0,1.0,100.0
974.0,22.668493150684164,1.0,1.0,1.0,100.0
975.0,22.67123287671156,1.0,1.0,1.0,100.0
976.0,22.673972602738957,1.0,1.0,1.0,100.0
977.0,22.676712328766353,1.0,1.0,1.0,100.0
978.0,22.67945205479375,1.0,1.0,1.0,100.0
979.0,22.682191780821146,1.0,1.0,1.0,100.0
980.0,22.684931506848542,1.0,1.0,1.0,100.0
981.0,22.68767123287594,1.0,1.0,1.0,100.0
982.0,22.690410958903335,1.0,1.0,1.0,100.0
983.0,22.693150684930732,1.0,1.0,1.0,100.0
984.0,22.69589041095813,1.0,1.0,1.0,100.0
985.0,22.698630136985525,1.0,1.0,1.0,100.0
986.0,22.70136986301292,1.0,1.0,1.0,100.0
987.0,22.704109589040318,1.0,1.0,1.0,100.0
988.0,22.706849315067714,1.0,1.0,1.0,100.0
989.0,22.70958904109511,1.0,1.0,1.0,100.0
990.0,22.712328767122507,1.0,1.0,1.0,100.0
991.0,22.715068493149904,1.0,1.0,1.0,100.0
992.0,22.7178082191773,1.0,1.0,1.0,100.0
993.0,22.720547945204697,1.0,1.0,1.0,100.0
994.0,22.723287671232093,1.0,1.0,1.0,100.0
995.0,22.72602739725949,1.0,1.0,1.0,100.0
996.0,22.728767123286886,1.0,1.0,1.0,100.0
997.0,22.731506849314282,1.0,1.0,1.0,100.0
998.0,22.73424657534168,1.0,1.0,1.0,100.0
999.0,22.736986301369075,1.0,1.0,1.0,100.0
1000.0,22.739726027396472,1.0,1.0,1.0,100.0
1001.0,22.74246575342387,1.0,1.0,1.0,100.0
1002.0,22.745205479451265,1.0,1.0,1.0,100.0
1003.0,22.74794520547866,1.0,1.0,1.0,100.0
1004.0,22.750684931506058,1.0,1.0,1.0,100.0
1005.0,22.753424657533454,1.0,1.0,1.0,100.0
1006.0,22.75616438356085,1.0,1.0,1.0,100.0
1007.0,22.758904109588247,1.0,1.0,1.0,100.0
1008.0,22.761643835615644,1.0,1.0,1.0,100.0
1009.0,22.76438356164304,1.0,1.0,1.0,100.0
1010.0,22.767123287670437,1.0,1.0,1.0,100.0
1011.0,22.769863013697833,1.0,1.0,1.0,100.0
1012.0,22.77260273972523,1.0,1.0,1.0,100.0
1013.0,22.775342465752626,1.0,1.0,1.0,100.0
1014.0,22.778082191780022,1.0,1.0,1.0,100.0
1015.0,22.78082191780742,1.0,1.0,1.0,100.0
1016.0,22.783561643834815,1.0,1.0,1.0,100.0
1017.0,22.786301369862212,1.0,1.0,1.0,100.0
1018.0,22.78904109588961,1.0,1.0,1.0,100.0
1019.0,22.791780821917005,1.0,1.0,1.0,100.0
1020.0,22.7945205479444,1.0,1.0,1.0,100.0
1021.0,22.797260273971798,1.0,1.0,1.0,100.0
1022.0,22.799999999999194,1.0,1.0,1.0,100.0
1023.0,22.80273972602659,1.0,1.0,1.0,100.0
1024.0,22.805479452053987,1.0,1.0,1.0,100.0
1025.0,22.808219178081384,1.0,1.0,1.0,100.0
1026.0,22.81095890410878,1.0,1.0,1.0,100.0
1027.0,22.813698630136177,1.0,1.0,1.0,100.0
1028.0,22.816438356163573,1.0,1.0,1.0,100.0
1029.0,22.81917808219097,1.0,1.0,1.0,100.0
1030.0,22.821917808218366,1.0,1.0,1.0,100.0
1031.0,22.824657534245762,1.0,1.0,1.0,100.0
1032.0,22.82739726027316,1.0,1.0,1.0,100.0
1033.0,22.830136986300555,1.0,1.0,1.0,100.0
1034.0,22.832876712327952,1.0,1.0,1.0,100.0
1035.0,22.83561643835535,1.0,1.0,1.0,100.0
1036.0,22.838356164382745,1.0,1.0,1.0,100.0
1037.0,22.84109589041014,1.0,1.0,1.0,100.0
1038.0,22.843835616437538,1.0,1.0,1.0,100.0
1039.0,22.846575342464934,1.0,1.0,1.0,100.0
1040.0,22.84931506849233,1.0,1.0,1.0,100.0
1041.0,22.852054794519727,1.0,1.0,1.0,100.0
1042.0,22.854794520547124,1.0,1.0,1.0,100.0
1043.0,22.85753424657452,1.0,1.0,1.0,100.0
1044.0,22.860273972601917,1.0,1.0,1.0,100.0
1045.0,22.863013698629313,1.0,1.0,1.0,100.0
1046.0,22.86575342465671,1.0,1.0,1.0,100.0
1047.0,22.868493150684106,1.0,1.0,1.0,100.0
1048.0,22.871232876711503,1.0,1.0,1.0,100.0
1049.0,22.8739726027389,1.0,1.0,1.0,100.0
1050.0,22.876712328766295,1.0,1.0,1.0,100.0
1051.0,22.879452054793692,1.0,1.0,1.0,100.0
1052.0,22.88219178082109,1.0,1.0,1.0,100.0
1053.0,22.884931506848485,1.0,1.0,1.0,100.0
1054.0,22.88767123287588,1.0,1.0,1.0,100.0
1055.0,22.890410958903278,1.0,1.0,1.0,100.0
1056.0,22.893150684930674,1.0,1.0,1.0,100.0
1057.0,22.89589041095807,1.0,1.0,1.0,100.0
1058.0,22.898630136985467,1.0,1.0,1.0,100.0
1059.0,22.901369863012864,1.0,1.0,1.0,100.0
1060.0,22.90410958904026,1.0,1.0,1.0,100.0
1061.0,22.906849315067657,1.0,1.0,1.0,100.0
1062.0,22.909589041095053,1.0,1.0,1.0,100.0
1063.0,22.91232876712245,1.0,1.0,1.0,100.0
1064.0,22.915068493149846,1.0,1.0,1.0,100.0
1065.0,22.917808219177243,1.0,1.0,1.0,100.0
1066.0,22.92054794520464,1.0,1.0,1.0,100.0
1067.0,22.923287671232035,1.0,1.0,1.0,100.0
1068.0,22.926027397259432,1.0,1.0,1.0,100.0
1069.0,22.92876712328683,1.0,1.0,1.0,100.0
1070.0,22.931506849314225,1.0,1.0,1.0,100.0
1071.0,22.93424657534162,1.0,1.0,1.0,100.0
1072.0,22.936986301369018,1.0,1.0,1.0,100.0
1073.0,22.939726027396414,1.0,1.0,1.0,100.0
1074.0,22.94246575342381,1.0,1.0,1.0,100.0
1075.0,22.945205479451207,1.0,1.0,1.0,100.0
1076.0,22.947945205478604,1.0,1.0,1.0,100.0
1077.0,22.950684931506,1.0,1.0,1.0,100.0
1078.0,22.953424657533397,1.0,1.0,1.0,100.0
1079.0,22.956164383560793,1.0,1.0,1.0,100.0
1080.0,22.95890410958819,1.0,1.0,1.0,100.0
1081.0,22.961643835615586,1.0,1.0,1.0,100.0
1082.0,22.964383561642983,1.0,1.0,1.0,100.0
1083.0,22.96712328767038,1.0,1.0,1.0,100.0
1084.0,22.969863013697776,1.0,1.0,1.0,100.0
1085.0,22.972602739725172,1.0,1.0,1.0,100.0
1086.0,22.97534246575257,1.0,1.0,1.0,100.0
1087.0,22.978082191779965,1.0,1.0,1.0,100.0
1088.0,22.98082191780736,1.0,1.0,1.0,100.0
1089.0,22.983561643834758,1.0,1.0,1.0,100.0
1090.0,22.986301369862154,1.0,1.0,1.0,100.0
1091.0,22.98904109588955,1.0,1.0,1.0,100.0
1092.0,22.991780821916947,1.0,1.0,1.0,100.0
1093.0,22.994520547944344,1.0,1.0,1.0,100.0
1094.0,22.99726027397174,1.0,1.0,1.0,100.0
1095.0,22.999999999999137,1.0,1.0,1.0,100.0
1096.0,23.002739726026533,1.0,1.0,1.0,100.0
1097.0,23.00547945205393,1.0,1.0,1.0,100.0
1098.0,23.008219178081326,1.0,1.0,1.0,100.0
1099.0,23.010958904108723,1.0,1.0,1.0,100.0
1100.0,23.01369863013612,1.0,1.0,1.0,100.0
1101.0,23.016438356163516,1.0,1.0,1.0,100.0
1102.0,23.019178082190912,1.0,1.0,1.0,100.0
1103.0,23.02191780821831,1.0,1.0,1.0,100.0
1104.0,23.024657534245705,1.0,1.0,1.0,100.0
1105.0,23.0273972602731,1.0,1.0,1.0,100.0
1106.0,23.030136986300498,1.0,1.0,1.0,100.0
1107.0,23.032876712327894,1.0,1.0,1.0,100.0
1108.0,23.03561643835529,1.0,1.0,1.0,100.0
1109.0,23.038356164382687,1.0,1.0,1.0,100.0
1110.0,23.041095890410084,1.0,1.0,1.0,100.0
1111.0,23.04383561643748,1.0,1.0,1.0,100.0
1112.0,23.046575342464877,1.0,1.0,1.0,100.0
1113.0,23.049315068492273,1.0,1.0,1.0,100.0
1114.0,23.05205479451967,1.0,1.0,1.0,100.0
1115.0,23.054794520547066,1.0,1.0,1.0,100.0
1116.0,23.057534246574463,1.0,1.0,1.0,100.0
1117.0,23.06027397260186,1.0,1.0,1.0,100.0
1118.0,23.063013698629256,1.0,1.0,1.0,100.0
1119.0,23.065753424656652,1.0,1.0,1.0,100.0
1120.0,23.06849315068405,1.0,1.0,1.0,100.0
1121.0,23.071232876711445,1.0,1.0,1.0,100.0
1122.0,23.07397260273884,1.0,1.0,1.0,100.0
1123.0,23.076712328766238,1.0,1.0,1.0,100.0
1124.0,23.079452054793634,1.0,1.0,1.0,100.0
1125.0,23.08219178082103,1.0,1.0,1.0,100.0
1126.0,23.084931506848427,1.0,1.0,1.0,100.0
1127.0,23.087671232875824,1.0,1.0,1.0,100.0
1128.0,23.09041095890322,1.0,1.0,1.0,100.0
1129.0,23.093150684930617,1.0,1.0,1.0,100.0
1130.0,23.095890410958013,1.0,1.0,1.0,100.0
1131.0,23.09863013698541,1.0,1.0,1.0,100.0
1132.0,23.101369863012806,1.0,1.0,1.0,100.0
1133.0,23.104109589040203,1.0,1.0,1.0,100.0
1134.0,23.1068493150676,1.0,1.0,1.0,100.0
1135.0,23.109589041094996,1.0,1.0,1.0,100.0
1136.0,23.112328767122392,1.0,1.0,1.0,100.0
1137.0,23.11506849314979,1.0,1.0,1.0,100.0
1138.0,23.117808219177185,1.0,1.0,1.0,100.0
1139.0,23.12054794520458,1.0,1.0,1.0,100.0
1140.0,23.123287671231978,1.0,1.0,1.0,100.0
1141.0,23.126027397259374,1.0,1.0,1.0,100.0
1142.0,23.12876712328677,1.0,1.0,1.0,100.0
1143.0,23.131506849314167,1.0,1.0,1.0,100.0
1144.0,23.134246575341564,1.0,1.0,1.0,100.0
1145.0,23.13698630136896,1.0,1.0,1.0,100.0
1146.0,23.139726027396357,1.0,1.0,1.0,100.0
1147.0,23.142465753423753,1.0,1.0,1.0,100.0
1148.0,23.14520547945115,1.0,1.0,1.0,100.0
1149.0,23.147945205478546,1.0,1.0,1.0,100.0
1150.0,23.150684931505943,1.0,1.0,1.0,100.0
1151.0,23.15342465753334,1.0,1.0,1.0,100.0
1152.0,23.156164383560736,1.0,1.0,1.0,100.0
1153.0,23.158904109588132,1.0,1.0,1.0,100.0
1154.0,23.16164383561553,1.0,1.0,1.0,100.0
1155.0,23.164383561642925,1.0,1.0,1.0,100.0
1156.0,23.16712328767032,1.0,1.0,1.0,100.0
1157.0,23.169863013697718,1.0,1.0,1.0,100.0
1158.0,23.172602739725114,1.0,1.0,1.0,100.0
1159.0,23.17534246575251,1.0,1.0,1.0,100.0
1160.0,23.178082191779907,1.0,1.0,1.0,100.0
1161.0,23.180821917807304,1.0,1.0,1.0,100.0
1162.0,23.1835616438347,1.0,1.0,1.0,100.0
1163.0,23.186301369862097,1.0,1.0,1.0,100.0
1164.0,23.189041095889493,1.0,1.0,1.0,100.0
1165.0,23.19178082191689,1.0,1.0,1.0,100.0
1166.0,23.194520547944286,1.0,1.0,1.0,100.0
1167.0,23.197260273971683,1.0,1.0,1.0,100.0
1168.0,23.19999999999908,1.0,1.0,1.0,100.0
1169.0,23.202739726026476,1.0,1.0,1.0,100.0
1170.0,23.205479452053872,1.0,1.0,1.0,100.0
1171.0,23.20821917808127,1.0,1.0,1.0,100.0
1172.0,23.210958904108665,1.0,1.0,1.0,100.0
1173.0,23.21369863013606,1.0,1.0,1.0,100.0
1174.0,23.216438356163458,1.0,1.0,1.0,100.0
1175.0,23.219178082190854,1.0,1.0,1.0,100.0
1176.0,23.22191780821825,1.0,1.0,1.0,100.0
1177.0,23.224657534245647,1.0,1.0,1.0,100.0
1178.0,23.227397260273044,1.0,1.0,1.0,100.0
1179.0,23.23013698630044,1.0,1.0,1.0,100.0
1180.0,23.232876712327837,1.0,1.0,1.0,100.0
1181.0,23.235616438355233,1.0,1.0,1.0,100.0
1182.0,23.23835616438263,1.0,1.0,1.0,100.0
1183.0,23.241095890410026,1.0,1.0,1.0,100.0
1184.0,23.243835616437423,1.0,1.0,1.0,100.0
1185.0,23.24657534246482,1.0,1.0,1.0,100.0
1186.0,23.249315068492216,1.0,1.0,1.0,100.0
1187.0,23.252054794519612,1.0,1.0,1.0,100.0
1188.0,23.25479452054701,1.0,1.0,1.0,100.0
1189.0,23.257534246574405,1.0,1.0,1.0,100.0
1190.0,23.2602739726018,1.0,1.0,1.0,100.0
1191.0,23.263013698629198,1.0,1.0,1.0,100.0
1192.0,23.265753424656594,1.0,1.0,1.0,100.0
1193.0,23.26849315068399,1.0,1.0,1.0,100.0
1194.0,23.271232876711387,1.0,1.0,1.0,100.0
1195.0,23.273972602738784,1.0,1.0,1.0,100.0
1196.0,23.27671232876618,1.0,1.0,1.0,100.0
1197.0,23.279452054793577,1.0,1.0,1.0,100.0
1198.0,23.282191780820973,1.0,1.0,1.0,100.0
1199.0,23.28493150684837,1.0,1.0,1.0,100.0
1200.0,23.287671232875766,1.0,1.0,1.0,100.0
1201.0,23.290410958903163,1.0,1.0,1.0,100.0
1202.0,23.29315068493056,1.0,1.0,1.0,100.0
1203.0,23.295890410957956,1.0,1.0,1.0,100.0
1204.0,23.298630136985352,1.0,1.0,1.0,100.0
1205.0,23.30136986301275,1.0,1.0,1.0,100.0
1206.0,23.304109589040145,1.0,1.0,1.0,100.0
1207.0,23.30684931506754,1.0,1.0,1.0,100.0
1208.0,23.309589041094938,1.0,1.0,1.0,100.0
1209.0,23.312328767122334,1.0,1.0,1.0,100.0
1210.0,23.31506849314973,1.0,1.0,1.0,100.0
1211.0,23.317808219177127,1.0,1.0,1.0,100.0
1212.0,23.320547945204524,1.0,1.0,1.0,100.0
1213.0,23.32328767123192,1.0,1.0,1.0,100.0
1214.0,23.326027397259317,1.0,1.0,1.0,100.0
1215.0,23.328767123286713,1.0,1.0,1.0,100.0
1216.0,23.33150684931411,1.0,1.0,1.0,100.0
1217.0,23.334246575341506,1.0,1.0,1.0,100.0
1218.0,23.336986301368903,1.0,1.0,1.0,100.0
1219.0,23.3397260273963,1.0,1.0,1.0,100.0
1220.0,23.342465753423696,1.0,1.0,1.0,100.0
1221.0,23.345205479451092,1.0,1.0,1.0,100.0
1222.0,23.34794520547849,1.0,1.0,1.0,100.0
1223.0,23.350684931505885,1.0,1.0,1.0,100.0
1224.0,23.35342465753328,1.0,1.0,1.0,100.0
1225.0,23.356164383560678,1.0,1.0,1.0,100.0
1226.0,23.358904109588075,1.0,1.0,1.0,100.0
1227.0,23.36164383561547,1.0,1.0,1.0,100.0
1228.0,23.364383561642867,1.0,1.0,1.0,100.0
1229.0,23.367123287670264,1.0,1.0,1.0,100.0
1230.0,23.36986301369766,1.0,1.0,1.0,100.0
1231.0,23.372602739725057,1.0,1.0,1.0,100.0
1232.0,23.375342465752453,1.0,1.0,1.0,100.0
1233.0,23.37808219177985,1.0,1.0,1.0,100.0
1234.0,23.380821917807246,1.0,1.0,1.0,100.0
1235.0,23.383561643834643,1.0,1.0,1.0,100.0
1236.0,23.38630136986204,1.0,1.0,1.0,100.0
1237.0,23.389041095889436,1.0,1.0,1.0,100.0
1238.0,23.391780821916832,1.0,1.0,1.0,100.0
1239.0,23.39452054794423,1.0,1.0,1.0,100.0
1240.0,23.397260273971625,1.0,1.0,1.0,100.0
1241.0,23.39999999999902,1.0,1.0,1.0,100.0
1242.0,23.402739726026418,1.0,1.0,1.0,100.0
1243.0,23.405479452053815,1.0,1.0,1.0,100.0
1244.0,23.40821917808121,1.0,1.0,1.0,100.0
1245.0,23.410958904108607,1.0,1.0,1.0,100.0
1246.0,23.413698630136004,1.0,1.0,1.0,100.0
1247.0,23.4164383561634,1.0,1.0,1.0,100.0
1248.0,23.419178082190797,1.0,1.0,1.0,100.0
1249.0,23.421917808218193,1.0,1.0,1.0,100.0
1250.0,23.42465753424559,1.0,1.0,1.0,100.0
1251.0,23.427397260272986,1.0,1.0,1.0,100.0
1252.0,23.430136986300383,1.0,1.0,1.0,100.0
1253.0,23.43287671232778,1.0,1.0,1.0,100.0
1254.0,23.435616438355176,1.0,1.0,1.0,100.0
1255.0,23.438356164382572,1.0,1.0,1.0,100.0
1256.0,23.44109589040997,1.0,1.0,1.0,100.0
1257.0,23.443835616437365,1.0,1.0,1.0,100.0
1258.0,23.44657534246476,1.0,1.0,1.0,100.0
1259.0,23.449315068492158,1.0,1.0,1.0,100.0
1260.0,23.452054794519555,1.0,1.0,1.0,100.0
1261.0,23.45479452054695,1.0,1.0,1.0,100.0
1262.0,23.457534246574347,1.0,1.0,1.0,100.0
1263.0,23.460273972601744,1.0,1.0,1.0,100.0
1264.0,23.46301369862914,1.0,1.0,1.0,100.0
1265.0,23.465753424656537,1.0,1.0,1.0,100.0
1266.0,23.468493150683933,1.0,1.0,1.0,100.0
1267.0,23.47123287671133,1.0,1.0,1.0,100.0
1268.0,23.473972602738726,1.0,1.0,1.0,100.0
1269.0,23.476712328766123,1.0,1.0,1.0,100.0
1270.0,23.47945205479352,1.0,1.0,1.0,100.0
1271.0,23.482191780820916,1.0,1.0,1.0,100.0
1272.0,23.484931506848312,1.0,1.0,1.0,100.0
1273.0,23.48767123287571,1.0,1.0,1.0,100.0
1274.0,23.490410958903105,1.0,1.0,1.0,100.0
1275.0,23.4931506849305,1.0,1.0,1.0,100.0
1276.0,23.495890410957898,1.0,1.0,1.0,100.0
1277.0,23.498630136985295,1.0,1.0,1.0,100.0
1278.0,23.50136986301269,1.0,1.0,1.0,100.0
1279.0,23.504109589040088,1.0,1.0,1.0,100.0
1280.0,23.506849315067484,1.0,1.0,1.0,100.0
1281.0,23.50958904109488,1.0,1.0,1.0,100.0
1282.0,23.512328767122277,1.0,1.0,1.0,100.0
1283.0,23.515068493149673,1.0,1.0,1.0,100.0
1284.0,23.51780821917707,1.0,1.0,1.0,100.0
1285.0,23.520547945204466,1.0,1.0,1.0,100.0
1286.0,23.523287671231863,1.0,1.0,1.0,100.0
1287.0,23.52602739725926,1.0,1.0,1.0,100.0
1288.0,23.528767123286656,1.0,1.0,1.0,100.0
1289.0,23.531506849314052,1.0,1.0,1.0,100.0
1290.0,23.53424657534145,1.0,1.0,1.0,100.0
1291.0,23.536986301368845,1.0,1.0,1.0,100.0
1292.0,23.53972602739624,1.0,1.0,1.0,100.0
1293.0,23.542465753423638,1.0,1.0,1.0,100.0
1294.0,23.545205479451035,1.0,1.0,1.0,100.0
1295.0,23.54794520547843,1.0,1.0,1.0,100.0
1296.0,23.550684931505828,1.0,1.0,1.0,100.0
1297.0,23.553424657533224,1.0,1.0,1.0,100.0
1298.0,23.55616438356062,1.0,1.0,1.0,100.0
1299.0,23.558904109588017,1.0,1.0,1.0,100.0
1300.0,23.561643835615413,1.0,1.0,1.0,100.0
1301.0,23.56438356164281,1.0,1.0,1.0,100.0
1302.0,23.567123287670206,1.0,1.0,1.0,100.0
1303.0,23.569863013697603,1.0,1.0,1.0,100.0
1304.0,23.572602739725,1.0,1.0,1.0,100.0
1305.0,23.575342465752396,1.0,1.0,1.0,100.0
1306.0,23.578082191779792,1.0,1.0,1.0,100.0
1307.0,23.58082191780719,1.0,1.0,1.0,100.0
1308.0,23.583561643834585,1.0,1.0,1.0,100.0
1309.0,23.58630136986198,1.0,1.0,1.0,100.0
1310.0,23.589041095889378,1.0,1.0,1.0,100.0
1311.0,23.591780821916775,1.0,1.0,1.0,100.0
1312.0,23.59452054794417,1.0,1.0,1.0,100.0
1313.0,23.597260273971568,1.0,1.0,1.0,100.0
1314.0,23.599999999998964,1.0,1.0,1.0,100.0
1315.0,23.60273972602636,1.0,1.0,1.0,100.0
1316.0,23.605479452053757,1.0,1.0,1.0,100.0
1317.0,23.608219178081153,1.0,1.0,1.0,100.0
1318.0,23.61095890410855,1.0,1.0,1.0,100.0
1319.0,23.613698630135946,1.0,1.0,1.0,100.0
1320.0,23.616438356163343,1.0,1.0,1.0,100.0
1321.0,23.61917808219074,1.0,1.0,1.0,100.0
1322.0,23.621917808218136,1.0,1.0,1.0,100.0
1323.0,23.624657534245532,1.0,1.0,1.0,100.0
1324.0,23.62739726027293,1.0,1.0,1.0,100.0
1325.0,23.630136986300325,1.0,1.0,1.0,100.0
1326.0,23.63287671232772,1.0,1.0,1.0,100.0
1327.0,23.635616438355118,1.0,1.0,1.0,100.0
1328.0,23.638356164382515,1.0,1.0,1.0,100.0
1329.0,23.64109589040991,1.0,1.0,1.0,100.0
1330.0,23.643835616437308,1.0,1.0,1.0,100.0
1331.0,23.646575342464704,1.0,1.0,1.0,100.0
1332.0,23.6493150684921,1.0,1.0,1.0,100.0
1333.0,23.652054794519497,1.0,1.0,1.0,100.0
1334.0,23.654794520546893,1.0,1.0,1.0,100.0
1335.0,23.65753424657429,1.0,1.0,1.0,100.0
1336.0,23.660273972601686,1.0,1.0,1.0,100.0
1337.0,23.663013698629083,1.0,1.0,1.0,100.0
1338.0,23.66575342465648,1.0,1.0,1.0,100.0
1339.0,23.668493150683876,1.0,1.0,1.0,100.0
1340.0,23.671232876711272,1.0,1.0,1.0,100.0
1341.0,23.67397260273867,1.0,1.0,1.0,100.0
1342.0,23.676712328766065,1.0,1.0,1.0,100.0
1343.0,23.67945205479346,1.0,1.0,1.0,100.0
1344.0,23.682191780820858,1.0,1.0,1.0,100.0
1345.0,23.684931506848255,1.0,1.0,1.0,100.0
1346.0,23.68767123287565,1.0,1.0,1.0,100.0
1347.0,23.690410958903048,1.0,1.0,1.0,100.0
1348.0,23.693150684930444,1.0,1.0,1.0,100.0
1349.0,23.69589041095784,1.0,1.0,1.0,100.0
1350.0,23.698630136985237,1.0,1.0,1.0,100.0
1351.0,23.701369863012633,1.0,1.0,1.0,100.0
1352.0,23.70410958904003,1.0,1.0,1.0,100.0
1353.0,23.706849315067426,1.0,1.0,1.0,100.0
1354.0,23.709589041094823,1.0,1.0,1.0,100.0
1355.0,23.71232876712222,1.0,1.0,1.0,100.0
1356.0,23.715068493149616,1.0,1.0,1.0,100.0
1357.0,23.717808219177012,1.0,1.0,1.0,100.0
1358.0,23.72054794520441,1.0,1.0,1.0,100.0
1359.0,23.723287671231805,1.0,1.0,1.0,100.0
1360.0,23.7260273972592,1.0,1.0,1.0,100.0
1361.0,23.728767123286598,1.0,1.0,1.0,100.0
1362.0,23.731506849313995,1.0,1.0,1.0,100.0
1363.0,23.73424657534139,1.0,1.0,1.0,100.0
1364.0,23.736986301368788,1.0,1.0,1.0,100.0
1365.0,23.739726027396184,1.0,1.0,1.0,100.0
1366.0,23.74246575342358,1.0,1.0,1.0,100.0
1367.0,23.745205479450977,1.0,1.0,1.0,100.0
1368.0,23.747945205478374,1.0,1.0,1.0,100.0
1369.0,23.75068493150577,1.0,1.0,1.0,100.0
1370.0,23.753424657533166,1.0,1.0,1.0,100.0
1371.0,23.756164383560563,1.0,1.0,1.0,100.0
1372.0,23.75890410958796,1.0,1.0,1.0,100.0
1373.0,23.761643835615356,1.0,1.0,1.0,100.0
1374.0,23.764383561642752,1.0,1.0,1.0,100.0
1375.0,23.76712328767015,1.0,1.0,1.0,100.0
1376.0,23.769863013697545,1.0,1.0,1.0,100.0
1377.0,23.77260273972494,1.0,1.0,1.0,100.0
1378.0,23.77534246575234,1.0,1.0,1.0,100.0
1379.0,23.778082191779735,1.0,1.0,1.0,100.0
1380.0,23.78082191780713,1.0,1.0,1.0,100.0
1381.0,23.783561643834528,1.0,1.0,1.0,100.0
1382.0,23.786301369861924,1.0,1.0,1.0,100.0
1383.0,23.78904109588932,1.0,1.0,1.0,100.0
1384.0,23.791780821916717,1.0,1.0,1.0,100.0
1385.0,23.794520547944114,1.0,1.0,1.0,100.0
1386.0,23.79726027397151,1.0,1.0,1.0,100.0
1387.0,23.799999999998906,1.0,1.0,1.0,100.0
1388.0,23.802739726026303,1.0,1.0,1.0,100.0
1389.0,23.8054794520537,1.0,1.0,1.0,100.0
1390.0,23.808219178081096,1.0,1.0,1.0,100.0
1391.0,23.810958904108492,1.0,1.0,1.0,100.0
1392.0,23.81369863013589,1.0,1.0,1.0,100.0
1393.0,23.816438356163285,1.0,1.0,1.0,100.0
1394.0,23.819178082190682,1.0,1.0,1.0,100.0
1395.0,23.82191780821808,1.0,1.0,1.0,100.0
1396.0,23.824657534245475,1.0,1.0,1.0,100.0
1397.0,23.82739726027287,1.0,1.0,1.0,100.0
1398.0,23.830136986300268,1.0,1.0,1.0,100.0
1399.0,23.832876712327664,1.0,1.0,1.0,100.0
1400.0,23.83561643835506,1.0,1.0,1.0,100.0
1401.0,23.838356164382457,1.0,1.0,1.0,100.0
1402.0,23.841095890409854,1.0,1.0,1.0,100.0
1403.0,23.84383561643725,1.0,1.0,1.0,100.0
1404.0,23.846575342464646,1.0,1.0,1.0,100.0
1405.0,23.849315068492043,1.0,1.0,1.0,100.0
1406.0,23.85205479451944,1.0,1.0,1.0,100.0
1407.0,23.854794520546836,1.0,1.0,1.0,100.0
1408.0,23.857534246574232,1.0,1.0,1.0,100.0
1409.0,23.86027397260163,1.0,1.0,1.0,100.0
1410.0,23.863013698629025,1.0,1.0,1.0,100.0
1411.0,23.865753424656422,1.0,1.0,1.0,100.0
1412.0,23.86849315068382,1.0,1.0,1.0,100.0
1413.0,23.871232876711215,1.0,1.0,1.0,100.0
1414.0,23.87397260273861,1.0,1.0,1.0,100.0
1415.0,23.876712328766008,1.0,1.0,1.0,100.0
1416.0,23.879452054793404,1.0,1.0,1.0,100.0
1417.0,23.8821917808208,1.0,1.0,1.0,100.0
1418.0,23.884931506848197,1.0,1.0,1.0,100.0
1419.0,23.887671232875594,1.0,1.0,1.0,100.0
1420.0,23.89041095890299,1.0,1.0,1.0,100.0
1421.0,23.893150684930387,1.0,1.0,1.0,100.0
1422.0,23.895890410957783,1.0,1.0,1.0,100.0
1423.0,23.89863013698518,1.0,1.0,1.0,100.0
1424.0,23.901369863012576,1.0,1.0,1.0,100.0
1425.0,23.904109589039972,1.0,1.0,1.0,100.0
1426.0,23.90684931506737,1.0,1.0,1.0,100.0
1427.0,23.909589041094765,1.0,1.0,1.0,100.0
1428.0,23.912328767122162,1.0,1.0,1.0,100.0
1429.0,23.91506849314956,1.0,1.0,1.0,100.0
1430.0,23.917808219176955,1.0,1.0,1.0,100.0
1431.0,23.92054794520435,1.0,1.0,1.0,100.0
1432.0,23.923287671231748,1.0,1.0,1.0,100.0
1433.0,23.926027397259144,1.0,1.0,1.0,100.0
1434.0,23.92876712328654,1.0,1.0,1.0,100.0
1435.0,23.931506849313937,1.0,1.0,1.0,100.0
1436.0,23.934246575341334,1.0,1.0,1.0,100.0
1437.0,23.93698630136873,1.0,1.0,1.0,100.0
1438.0,23.939726027396127,1.0,1.0,1.0,100.0
1439.0,23.942465753423523,1.0,1.0,1.0,100.0
1440.0,23.94520547945092,1.0,1.0,1.0,100.0
1441.0,23.947945205478316,1.0,1.0,1.0,100.0
1442.0,23.950684931505712,1.0,1.0,1.0,100.0
1443.0,23.95342465753311,1.0,1.0,1.0,100.0
1444.0,23.956164383560505,1.0,1.0,1.0,100.0
1445.0,23.958904109587902,1.0,1.0,1.0,100.0
1446.0,23.9616438356153,1.0,1.0,1.0,100.0
1447.0,23.964383561642695,1.0,1.0,1.0,100.0
1448.0,23.96712328767009,1.0,1.0,1.0,100.0
1449.0,23.969863013697488,1.0,1.0,1.0,100.0
1450.0,23.972602739724884,1.0,1.0,1.0,100.0
1451.0,23.97534246575228,1.0,1.0,1.0,100.0
1452.0,23.978082191779677,1.0,1.0,1.0,100.0
1453.0,23.980821917807074,1.0,1.0,1.0,100.0
1454.0,23.98356164383447,1.0,1.0,1.0,100.0
1455.0,23.986301369861867,1.0,1.0,1.0,100.0
1456.0,23.989041095889263,1.0,1.0,1.0,100.0
1457.0,23.99178082191666,1.0,1.0,1.0,100.0
1458.0,23.994520547944056,1.0,1.0,1.0,100.0
1459.0,23.997260273971452,1.0,1.0,1.0,100.0
1460.0,23.99999999999885,1.0,1.0,1.0,100.0
1461.0,24.002739726026245,1.0,1.0,1.0,100.0
1462.0,24.005479452053642,1.0,1.0,1.0,100.0
1463.0,24.00821917808104,1.0,1.0,1.0,100.0
1464.0,24.010958904108435,1.0,1.0,1.0,100.0
1465.0,24.01369863013583,1.0,1.0,1.0,100.0
1466.0,24.016438356163228,1.0,1.0,1.0,100.0
1467.0,24.019178082190624,1.0,1.0,1.0,100.0
1468.0,24.02191780821802,1.0,1.0,1.0,100.0
1469.0,24.024657534245417,1.0,1.0,1.0,100.0
1470.0,24.027397260272814,1.0,1.0,1.0,100.0
1471.0,24.03013698630021,1.0,1.0,1.0,100.0
1472.0,24.032876712327607,1.0,1.0,1.0,100.0
1473.0,24.035616438355003,1.0,1.0,1.0,100.0
1474.0,24.0383561643824,1.0,1.0,1.0,100.0
1475.0,24.041095890409796,1.0,1.0,1.0,100.0
1476.0,24.043835616437192,1.0,1.0,1.0,100.0
1477.0,24.04657534246459,1.0,1.0,1.0,100.0
1478.0,24.049315068491985,1.0,1.0,1.0,100.0
1479.0,24.052054794519382,1.0,1.0,1.0,100.0
1480.0,24.05479452054678,1.0,1.0,1.0,100.0
1481.0,24.057534246574175,1.0,1.0,1.0,100.0
1482.0,24.06027397260157,1.0,1.0,1.0,100.0
1483.0,24.063013698628968,1.0,1.0,1.0,100.0
1484.0,24.065753424656364,1.0,1.0,1.0,100.0
1485.0,24.06849315068376,1.0,1.0,1.0,100.0
1486.0,24.071232876711157,1.0,1.0,1.0,100.0
1487.0,24.073972602738554,1.0,1.0,1.0,100.0
1488.0,24.07671232876595,1.0,1.0,1.0,100.0
1489.0,24.079452054793347,1.0,1.0,1.0,100.0
1490.0,24.082191780820743,1.0,1.0,1.0,100.0
1491.0,24.08493150684814,1.0,1.0,1.0,100.0
1492.0,24.087671232875536,1.0,1.0,1.0,100.0
1493.0,24.090410958902932,1.0,1.0,1.0,100.0
1494.0,24.09315068493033,1.0,1.0,1.0,100.0
1495.0,24.095890410957725,1.0,1.0,1.0,100.0
1496.0,24.098630136985122,1.0,1.0,1.0,100.0
1497.0,24.10136986301252,1.0,1.0,1.0,100.0
1498.0,24.104109589039915,1.0,1.0,1.0,100.0
1499.0,24.10684931506731,1.0,1.0,1.0,100.0
1500.0,24.109589041094708,1.0,1.0,1.0,100.0
1501.0,24.112328767122104,1.0,1.0,1.0,100.0
1502.0,24.1150684931495,1.0,1.0,1.0,100.0
1503.0,24.117808219176897,1.0,1.0,1.0,100.0
1504.0,24.120547945204294,1.0,1.0,1.0,100.0
1505.0,24.12328767123169,1.0,1.0,1.0,100.0
1506.0,24.126027397259087,1.0,1.0,1.0,100.0
1507.0,24.128767123286483,1.0,1.0,1.0,100.0
1508.0,24.13150684931388,1.0,1.0,1.0,100.0
1509.0,24.134246575341276,1.0,1.0,1.0,100.0
1510.0,24.136986301368673,1.0,1.0,1.0,100.0
1511.0,24.13972602739607,1.0,1.0,1.0,100.0
1512.0,24.142465753423465,1.0,1.0,1.0,100.0
1513.0,24.145205479450862,1.0,1.0,1.0,100.0
1514.0,24.14794520547826,1.0,1.0,1.0,100.0
1515.0,24.150684931505655,1.0,1.0,1.0,100.0
1516.0,24.15342465753305,1.0,1.0,1.0,100.0
1517.0,24.156164383560448,1.0,1.0,1.0,100.0
1518.0,24.158904109587844,1.0,1.0,1.0,100.0
1519.0,24.16164383561524,1.0,1.0,1.0,100.0
1520.0,24.164383561642637,1.0,1.0,1.0,100.0
1521.0,24.167123287670034,1.0,1.0,1.0,100.0
1522.0,24.16986301369743,1.0,1.0,1.0,100.0
1523.0,24.172602739724827,1.0,1.0,1.0,100.0
1524.0,24.175342465752223,1.0,1.0,1.0,100.0
1525.0,24.17808219177962,1.0,1.0,1.0,100.0
1526.0,24.180821917807016,1.0,1.0,1.0,100.0
1527.0,24.183561643834413,1.0,1.0,1.0,100.0
1528.0,24.18630136986181,1.0,1.0,1.0,100.0
1529.0,24.189041095889205,1.0,1.0,1.0,100.0
1530.0,24.191780821916602,1.0,1.0,1.0,100.0
1531.0,24.194520547944,1.0,1.0,1.0,100.0
1532.0,24.197260273971395,1.0,1.0,1.0,100.0
1533.0,24.19999999999879,1.0,1.0,1.0,100.0
1534.0,24.202739726026188,1.0,1.0,1.0,100.0
1535.0,24.205479452053584,1.0,1.0,1.0,100.0
1536.0,24.20821917808098,1.0,1.0,1.0,100.0
1537.0,24.210958904108377,1.0,1.0,1.0,100.0
1538.0,24.213698630135774,1.0,1.0,1.0,100.0
1539.0,24.21643835616317,1.0,1.0,1.0,100.0
1540.0,24.219178082190567,1.0,1.0,1.0,100.0
1541.0,24.221917808217963,1.0,1.0,1.0,100.0
1542.0,24.22465753424536,1.0,1.0,1.0,100.0
1543.0,24.227397260272756,1.0,1.0,1.0,100.0
1544.0,24.230136986300153,1.0,1.0,1.0,100.0
1545.0,24.23287671232755,1.0,1.0,1.0,100.0
1546.0,24.235616438354946,1.0,1.0,1.0,100.0
1547.0,24.238356164382342,1.0,1.0,1.0,100.0
1548.0,24.24109589040974,1.0,1.0,1.0,100.0
1549.0,24.243835616437135,1.0,1.0,1.0,100.0
1550.0,24.24657534246453,1.0,1.0,1.0,100.0
1551.0,24.249315068491928,1.0,1.0,1.0,100.0
1552.0,24.252054794519324,1.0,1.0,1.0,100.0
1553.0,24.25479452054672,1.0,1.0,1.0,100.0
1554.0,24.257534246574117,1.0,1.0,1.0,100.0
1555.0,24.260273972601514,1.0,1.0,1.0,100.0
1556.0,24.26301369862891,1.0,1.0,1.0,100.0
1557.0,24.265753424656307,1.0,1.0,1.0,100.0
1558.0,24.268493150683703,1.0,1.0,1.0,100.0
1559.0,24.2712328767111,1.0,1.0,1.0,100.0
1560.0,24.273972602738496,1.0,1.0,1.0,100.0
1561.0,24.276712328765893,1.0,1.0,1.0,100.0
1562.0,24.27945205479329,1.0,1.0,1.0,100.0
1563.0,24.282191780820686,1.0,1.0,1.0,100.0
1564.0,24.284931506848082,1.0,1.0,1.0,100.0
1565.0,24.28767123287548,1.0,1.0,1.0,100.0
1566.0,24.290410958902875,1.0,1.0,1.0,100.0
1567.0,24.29315068493027,1.0,1.0,1.0,100.0
1568.0,24.295890410957668,1.0,1.0,1.0,100.0
1569.0,24.298630136985064,1.0,1.0,1.0,100.0
1570.0,24.30136986301246,1.0,1.0,1.0,100.0
1571.0,24.304109589039857,1.0,1.0,1.0,100.0
1572.0,24.306849315067254,1.0,1.0,1.0,100.0
1573.0,24.30958904109465,1.0,1.0,1.0,100.0
1574.0,24.312328767122047,1.0,1.0,1.0,100.0
1575.0,24.315068493149443,1.0,1.0,1.0,100.0
1576.0,24.31780821917684,1.0,1.0,1.0,100.0
1577.0,24.320547945204236,1.0,1.0,1.0,100.0
1578.0,24.323287671231633,1.0,1.0,1.0,100.0
1579.0,24.32602739725903,1.0,1.0,1.0,100.0
1580.0,24.328767123286426,1.0,1.0,1.0,100.0
1581.0,24.331506849313822,1.0,1.0,1.0,100.0
1582.0,24.33424657534122,1.0,1.0,1.0,100.0
1583.0,24.336986301368615,1.0,1.0,1.0,100.0
1584.0,24.33972602739601,1.0,1.0,1.0,100.0
1585.0,24.342465753423408,1.0,1.0,1.0,100.0
1586.0,24.345205479450804,1.0,1.0,1.0,100.0
1587.0,24.3479452054782,1.0,1.0,1.0,100.0
1588.0,24.350684931505597,1.0,1.0,1.0,100.0
1589.0,24.353424657532994,1.0,1.0,1.0,100.0
1590.0,24.35616438356039,1.0,1.0,1.0,100.0
1591.0,24.358904109587787,1.0,1.0,1.0,100.0
1592.0,24.361643835615183,1.0,1.0,1.0,100.0
1593.0,24.36438356164258,1.0,1.0,1.0,100.0
1594.0,24.367123287669976,1.0,1.0,1.0,100.0
1595.0,24.369863013697373,1.0,1.0,1.0,100.0
1596.0,24.37260273972477,1.0,1.0,1.0,100.0
1597.0,24.375342465752166,1.0,1.0,1.0,100.0
1598.0,24.378082191779562,1.0,1.0,1.0,100.0
1599.0,24.38082191780696,1.0,1.0,1.0,100.0
1600.0,24.383561643834355,1.0,1.0,1.0,100.0
1601.0,24.38630136986175,1.0,1.0,1.0,100.0
1602.0,24.389041095889148,1.0,1.0,1.0,100.0
1603.0,24.391780821916544,1.0,1.0,1.0,100.0
1604.0,24.39452054794394,1.0,1.0,1.0,100.0
1605.0,24.397260273971337,1.0,1.0,1.0,100.0
1606.0,24.399999999998734,1.0,1.0,1.0,100.0
1607.0,24.40273972602613,1.0,1.0,1.0,100.0
1608.0,24.405479452053527,1.0,1.0,1.0,100.0
1609.0,24.408219178080923,1.0,1.0,1.0,100.0
1610.0,24.41095890410832,1.0,1.0,1.0,100.0
1611.0,24.413698630135716,1.0,1.0,1.0,100.0
1612.0,24.416438356163113,1.0,1.0,1.0,100.0
1613.0,24.41917808219051,1.0,1.0,1.0,100.0
1614.0,24.421917808217906,1.0,1.0,1.0,100.0
1615.0,24.424657534245302,1.0,1.0,1.0,100.0
1616.0,24.4273972602727,1.0,1.0,1.0,100.0
1617.0,24.430136986300095,1.0,1.0,1.0,100.0
1618.0,24.43287671232749,1.0,1.0,1.0,100.0
1619.0,24.435616438354888,1.0,1.0,1.0,100.0
1620.0,24.438356164382284,1.0,1.0,1.0,100.0
1621.0,24.44109589040968,1.0,1.0,1.0,100.0
1622.0,24.443835616437077,1.0,1.0,1.0,100.0
1623.0,24.446575342464474,1.0,1.0,1.0,100.0
1624.0,24.44931506849187,1.0,1.0,1.0,100.0
1625.0,24.452054794519267,1.0,1.0,1.0,100.0
1626.0,24.454794520546663,1.0,1.0,1.0,100.0
1627.0,24.45753424657406,1.0,1.0,1.0,100.0
1628.0,24.460273972601456,1.0,1.0,1.0,100.0
1629.0,24.463013698628853,1.0,1.0,1.0,100.0
1630.0,24.46575342465625,1.0,1.0,1.0,100.0
1631.0,24.468493150683646,1.0,1.0,1.0,100.0
1632.0,24.471232876711042,1.0,1.0,1.0,100.0
1633.0,24.47397260273844,1.0,1.0,1.0,100.0
1634.0,24.476712328765835,1.0,1.0,1.0,100.0
1635.0,24.47945205479323,1.0,1.0,1.0,100.0
1636.0,24.482191780820628,1.0,1.0,1.0,100.0
1637.0,24.484931506848024,1.0,1.0,1.0,100.0
1638.0,24.48767123287542,1.0,1.0,1.0,100.0
1639.0,24.490410958902817,1.0,1.0,1.0,100.0
1640.0,24.493150684930214,1.0,1.0,1.0,100.0
1641.0,24.49589041095761,1.0,1.0,1.0,100.0
1642.0,24.498630136985007,1.0,1.0,1.0,100.0
1643.0,24.501369863012403,1.0,1.0,1.0,100.0
1644.0,24.5041095890398,1.0,1.0,1.0,100.0
1645.0,24.506849315067196,1.0,1.0,1.0,100.0
1646.0,24.509589041094593,1.0,1.0,1.0,100.0
1647.0,24.51232876712199,1.0,1.0,1.0,100.0
1648.0,24.515068493149386,1.0,1.0,1.0,100.0
1649.0,24.517808219176782,1.0,1.0,1.0,100.0
1650.0,24.52054794520418,1.0,1.0,1.0,100.0
1651.0,24.523287671231575,1.0,1.0,1.0,100.0
1652.0,24.52602739725897,1.0,1.0,1.0,100.0
1653.0,24.528767123286368,1.0,1.0,1.0,100.0
1654.0,24.531506849313764,1.0,1.0,1.0,100.0
1655.0,24.53424657534116,1.0,1.0,1.0,100.0
1656.0,24.536986301368557,1.0,1.0,1.0,100.0
1657.0,24.539726027395954,1.0,1.0,1.0,100.0
1658.0,24.54246575342335,1.0,1.0,1.0,100.0
1659.0,24.545205479450747,1.0,1.0,1.0,100.0
1660.0,24.547945205478143,1.0,1.0,1.0,100.0
1661.0,24.55068493150554,1.0,1.0,1.0,100.0
1662.0,24.553424657532936,1.0,1.0,1.0,100.0
1663.0,24.556164383560333,1.0,1.0,1.0,100.0
1664.0,24.55890410958773,1.0,1.0,1.0,100.0
1665.0,24.561643835615126,1.0,1.0,1.0,100.0
1666.0,24.564383561642522,1.0,1.0,1.0,100.0
1667.0,24.56712328766992,1.0,1.0,1.0,100.0
1668.0,24.569863013697315,1.0,1.0,1.0,100.0
1669.0,24.57260273972471,1.0,1.0,1.0,100.0
1670.0,24.575342465752108,1.0,1.0,1.0,100.0
1671.0,24.578082191779504,1.0,1.0,1.0,100.0
1672.0,24.5808219178069,1.0,1.0,1.0,100.0
1673.0,24.583561643834297,1.0,1.0,1.0,100.0
1674.0,24.586301369861694,1.0,1.0,1.0,100.0
1675.0,24.58904109588909,1.0,1.0,1.0,100.0
1676.0,24.591780821916487,1.0,1.0,1.0,100.0
1677.0,24.594520547943883,1.0,1.0,1.0,100.0
1678.0,24.59726027397128,1.0,1.0,1.0,100.0
1679.0,24.599999999998676,1.0,1.0,1.0,100.0
1680.0,24.602739726026073,1.0,1.0,1.0,100.0
1681.0,24.60547945205347,1.0,1.0,1.0,100.0
1682.0,24.608219178080866,1.0,1.0,1.0,100.0
1683.0,24.610958904108262,1.0,1.0,1.0,100.0
1684.0,24.61369863013566,1.0,1.0,1.0,100.0
1685.0,24.616438356163055,1.0,1.0,1.0,100.0
1686.0,24.61917808219045,1.0,1.0,1.0,100.0
1687.0,24.621917808217848,1.0,1.0,1.0,100.0
1688.0,24.624657534245245,1.0,1.0,1.0,100.0
1689.0,24.62739726027264,1.0,1.0,1.0,100.0
1690.0,24.630136986300037,1.0,1.0,1.0,100.0
1691.0,24.632876712327434,1.0,1.0,1.0,100.0
1692.0,24.63561643835483,1.0,1.0,1.0,100.0
1693.0,24.638356164382227,1.0,1.0,1.0,100.0
1694.0,24.641095890409623,1.0,1.0,1.0,100.0
1695.0,24.64383561643702,1.0,1.0,1.0,100.0
1696.0,24.646575342464416,1.0,1.0,1.0,100.0
1697.0,24.649315068491813,1.0,1.0,1.0,100.0
1698.0,24.65205479451921,1.0,1.0,1.0,100.0
1699.0,24.654794520546606,1.0,1.0,1.0,100.0
1700.0,24.657534246574002,1.0,1.0,1.0,100.0
1701.0,24.6602739726014,1.0,1.0,1.0,100.0
1702.0,24.663013698628795,1.0,1.0,1.0,100.0
1703.0,24.66575342465619,1.0,1.0,1.0,100.0
1704.0,24.668493150683588,1.0,1.0,1.0,100.0
1705.0,24.671232876710985,1.0,1.0,1.0,100.0
1706.0,24.67397260273838,1.0,1.0,1.0,100.0
1707.0,24.676712328765777,1.0,1.0,1.0,100.0
1708.0,24.679452054793174,1.0,1.0,1.0,100.0
1709.0,24.68219178082057,1.0,1.0,1.0,100.0
1710.0,24.684931506847967,1.0,1.0,1.0,100.0
1711.0,24.687671232875363,1.0,1.0,1.0,100.0
1712.0,24.69041095890276,1.0,1.0,1.0,100.0
1713.0,24.693150684930156,1.0,1.0,1.0,100.0
1714.0,24.695890410957553,1.0,1.0,1.0,100.0
1715.0,24.69863013698495,1.0,1.0,1.0,100.0
1716.0,24.701369863012346,1.0,1.0,1.0,100.0
1717.0,24.704109589039742,1.0,1.0,1.0,100.0
1718.0,24.70684931506714,1.0,1.0,1.0,100.0
1719.0,24.709589041094535,1.0,1.0,1.0,100.0
1720.0,24.71232876712193,1.0,1.0,1.0,100.0
1721.0,24.715068493149328,1.0,1.0,1.0,100.0
1722.0,24.717808219176725,1.0,1.0,1.0,100.0
1723.0,24.72054794520412,1.0,1.0,1.0,100.0
1724.0,24.723287671231517,1.0,1.0,1.0,100.0
1725.0,24.726027397258914,1.0,1.0,1.0,100.0
1726.0,24.72876712328631,1.0,1.0,1.0,100.0
1727.0,24.731506849313707,1.0,1.0,1.0,100.0
1728.0,24.734246575341103,1.0,1.0,1.0,100.0
1729.0,24.7369863013685,1.0,1.0,1.0,100.0
1730.0,24.739726027395896,1.0,1.0,1.0,100.0
1731.0,24.742465753423293,1.0,1.0,1.0,100.0
1732.0,24.74520547945069,1.0,1.0,1.0,100.0
1733.0,24.747945205478086,1.0,1.0,1.0,100.0
1734.0,24.750684931505482,1.0,1.0,1.0,100.0
1735.0,24.75342465753288,1.0,1.0,1.0,100.0
1736.0,24.756164383560275,1.0,1.0,1.0,100.0
1737.0,24.75890410958767,1.0,1.0,1.0,100.0
1738.0,24.761643835615068,1.0,1.0,1.0,100.0
1739.0,24.764383561642465,1.0,1.0,1.0,100.0
1740.0,24.76712328766986,1.0,1.0,1.0,100.0
1741.0,24.769863013697258,1.0,1.0,1.0,100.0
1742.0,24.772602739724654,1.0,1.0,1.0,100.0
1743.0,24.77534246575205,1.0,1.0,1.0,100.0
1744.0,24.778082191779447,1.0,1.0,1.0,100.0
1745.0,24.780821917806843,1.0,1.0,1.0,100.0
1746.0,24.78356164383424,1.0,1.0,1.0,100.0
1747.0,24.786301369861636,1.0,1.0,1.0,100.0
1748.0,24.789041095889033,1.0,1.0,1.0,100.0
1749.0,24.79178082191643,1.0,1.0,1.0,100.0
1750.0,24.794520547943826,1.0,1.0,1.0,100.0
1751.0,24.797260273971222,1.0,1.0,1.0,100.0
1752.0,24.79999999999862,1.0,1.0,1.0,100.0
1753.0,24.802739726026015,1.0,1.0,1.0,100.0
1754.0,24.80547945205341,1.0,1.0,1.0,100.0
1755.0,24.808219178080808,1.0,1.0,1.0,100.0
1756.0,24.810958904108205,1.0,1.0,1.0,100.0
1757.0,24.8136986301356,1.0,1.0,1.0,100.0
1758.0,24.816438356162998,1.0,1.0,1.0,100.0
1759.0,24.819178082190394,1.0,1.0,1.0,100.0
1760.0,24.82191780821779,1.0,1.0,1.0,100.0
1761.0,24.824657534245187,1.0,1.0,1.0,100.0
1762.0,24.827397260272583,1.0,1.0,1.0,100.0
1763.0,24.83013698629998,1.0,1.0,1.0,100.0
1764.0,24.832876712327376,1.0,1.0,1.0,100.0
1765.0,24.835616438354773,1.0,1.0,1.0,100.0
1766.0,24.83835616438217,1.0,1.0,1.0,100.0
1767.0,24.841095890409566,1.0,1.0,1.0,100.0
1768.0,24.843835616436962,1.0,1.0,1.0,100.0
1769.0,24.84657534246436,1.0,1.0,1.0,100.0
1770.0,24.849315068491755,1.0,1.0,1.0,100.0
1771.0,24.85205479451915,1.0,1.0,1.0,100.0
1772.0,24.854794520546548,1.0,1.0,1.0,100.0
1773.0,24.857534246573945,1.0,1.0,1.0,100.0
1774.0,24.86027397260134,1.0,1.0,1.0,100.0
1775.0,24.863013698628738,1.0,1.0,1.0,100.0
1776.0,24.865753424656134,1.0,1.0,1.0,100.0
1777.0,24.86849315068353,1.0,1.0,1.0,100.0
1778.0,24.871232876710927,1.0,1.0,1.0,100.0
1779.0,24.873972602738323,1.0,1.0,1.0,100.0
1780.0,24.87671232876572,1.0,1.0,1.0,100.0
1781.0,24.879452054793116,1.0,1.0,1.0,100.0
1782.0,24.882191780820513,1.0,1.0,1.0,100.0
1783.0,24.88493150684791,1.0,1.0,1.0,100.0
1784.0,24.887671232875306,1.0,1.0,1.0,100.0
1785.0,24.890410958902702,1.0,1.0,1.0,100.0
1786.0,24.8931506849301,1.0,1.0,1.0,100.0
1787.0,24.895890410957495,1.0,1.0,1.0,100.0
1788.0,24.89863013698489,1.0,1.0,1.0,100.0
1789.0,24.901369863012288,1.0,1.0,1.0,100.0
1790.0,24.904109589039685,1.0,1.0,1.0,100.0
1791.0,24.90684931506708,1.0,1.0,1.0,100.0
1792.0,24.909589041094478,1.0,1.0,1.0,100.0
1793.0,24.912328767121874,1.0,1.0,1.0,100.0
1794.0,24.91506849314927,1.0,1.0,1.0,100.0
1795.0,24.917808219176667,1.0,1.0,1.0,100.0
1796.0,24.920547945204063,1.0,1.0,1.0,100.0
1797.0,24.92328767123146,1.0,1.0,1.0,100.0
1798.0,24.926027397258856,1.0,1.0,1.0,100.0
1799.0,24.928767123286253,1.0,1.0,1.0,100.0
1800.0,24.93150684931365,1.0,1.0,1.0,100.0
1801.0,24.934246575341046,1.0,1.0,1.0,100.0
1802.0,24.936986301368442,1.0,1.0,1.0,100.0
1803.0,24.93972602739584,1.0,1.0,1.0,100.0
1804.0,24.942465753423235,1.0,1.0,1.0,100.0
1805.0,24.94520547945063,1.0,1.0,1.0,100.0
1806.0,24.947945205478028,1.0,1.0,1.0,100.0
1807.0,24.950684931505425,1.0,1.0,1.0,100.0
1808.0,24.95342465753282,1.0,1.0,1.0,100.0
1809.0,24.956164383560218,1.0,1.0,1.0,100.0
1810.0,24.958904109587614,1.0,1.0,1.0,100.0
1811.0,24.96164383561501,1.0,1.0,1.0,100.0
1812.0,24.964383561642407,1.0,1.0,1.0,100.0
1813.0,24.967123287669803,1.0,1.0,1.0,100.0
1814.0,24.9698630136972,1.0,1.0,1.0,100.0
1815.0,24.972602739724596,1.0,1.0,1.0,100.0
1816.0,24.975342465751993,1.0,1.0,1.0,100.0
1817.0,24.97808219177939,1.0,1.0,1.0,100.0
1818.0,24.980821917806786,1.0,1.0,1.0,100.0
1819.0,24.983561643834182,1.0,1.0,1.0,100.0
1820.0,24.98630136986158,1.0,1.0,1.0,100.0
1821.0,24.989041095888975,1.0,1.0,1.0,100.0
1822.0,24.99178082191637,1.0,1.0,1.0,100.0
1823.0,24.994520547943768,1.0,1.0,1.0,100.0
1824.0,24.997260273971165,1.0,1.0,1.0,100.0
1825.0,24.99999999999856,1.0,1.0,1.0,100.0
